INFO:     Will watch for changes in these directories: ['C:\\Users\\1\\Documents\\CRM\\backend']
INFO:     Uvicorn running on http://127.0.0.1:8000 (Press CTRL+C to quit)
INFO:     Started reloader process [194088] using WatchFiles
INFO:     Started server process [12016]
INFO:     Waiting for application startup.
INFO:     Application startup complete.
WARNING:  WatchFiles detected changes in 'app\operations\models.py', 'app\platform_db.py', 'app\operations\schema.py', 'app\operations\__init__.py'. Reloading...
INFO:     Shutting down
INFO:     Waiting for application shutdown.
INFO:     Application shutdown complete.
INFO:     Finished server process [12016]
WARNING:  WatchFiles detected changes in 'app\v1\router.py', 'tests\test_integrations_v1.py', 'app\v1\__init__.py', 'app\main.py', 'tests\test_operations_v1.py', 'tests\test_v1_core.py', 'app\integrations_v1\schema.py', 'app\operations\schema.py', 'app\integrations_v1\backup.py', 'app\integrations_v1\secrets.py', 'app\integrations_v1\router.py', 'app\integrations_v1\automation.py', 'app\services\calendar_service.py', 'app\integrations_v1\google.py', 'app\integrations_v1\jobs.py', 'app\integrations_v1\__init__.py', 'app\services\tasks_service.py', 'app\operations\models.py', 'app\schemas.py', 'app\services\clients_service.py', 'app\integrations_v1\stripe.py', 'app\operations\router.py', 'app\v1\core_service.py', 'app\v1\models.py', 'app\integrations_v1\state.py', 'app\operations\service.py'. Reloading...
INFO:     Started server process [180940]
INFO:     Waiting for application startup.
INFO:     Application startup complete.
ERROR:    Traceback (most recent call last):
  File "C:\Users\1\AppData\Local\Programs\Python\Python313\Lib\asyncio\runners.py", line 118, in run
    return self._loop.run_until_complete(task)
           ~~~~~~~~~~~~~~~~~~~~~~~~~~~~~^^^^^^
  File "C:\Users\1\AppData\Local\Programs\Python\Python313\Lib\asyncio\base_events.py", line 725, in run_until_complete
    return future.result()
           ~~~~~~~~~~~~~^^
asyncio.exceptions.CancelledError

During handling of the above exception, another exception occurred:

Traceback (most recent call last):
  File "C:\Users\1\AppData\Local\Programs\Python\Python313\Lib\asyncio\runners.py", line 195, in run
    return runner.run(main)
           ~~~~~~~~~~^^^^^^
  File "C:\Users\1\AppData\Local\Programs\Python\Python313\Lib\asyncio\runners.py", line 123, in run
    raise KeyboardInterrupt()
KeyboardInterrupt

During handling of the above exception, another exception occurred:

Traceback (most recent call last):
  File "C:\Users\1\Documents\CRM\backend\.venv\Lib\site-packages\starlette\routing.py", line 701, in lifespan
    await receive()
  File "C:\Users\1\Documents\CRM\backend\.venv\Lib\site-packages\uvicorn\lifespan\on.py", line 137, in receive
    return await self.receive_queue.get()
           ^^^^^^^^^^^^^^^^^^^^^^^^^^^^^^
  File "C:\Users\1\AppData\Local\Programs\Python\Python313\Lib\asyncio\queues.py", line 186, in get
    await getter
asyncio.exceptions.CancelledError

INFO:     Started server process [190056]
INFO:     Waiting for application startup.
INFO:     Application startup complete.
WARNING:  WatchFiles detected changes in 'app\lead_enrichment\config.py'. Reloading...
INFO:     Shutting down
INFO:     Waiting for application shutdown.
INFO:     Application shutdown complete.
INFO:     Finished server process [190056]
WARNING:  WatchFiles detected changes in 'app\lead_discovery\jobs.py', 'app\integrations_v1\__init__.py', 'app\lead_discovery\runner.py', 'app\integrations_v1\worker.py', 'app\routes\discovery.py', 'app\integrations_v1\router.py'. Reloading...
INFO:     Started server process [44728]
INFO:     Waiting for application startup.
INFO:     Application startup complete.
ERROR:    Traceback (most recent call last):
  File "C:\Users\1\AppData\Local\Programs\Python\Python313\Lib\asyncio\runners.py", line 118, in run
    return self._loop.run_until_complete(task)
           ~~~~~~~~~~~~~~~~~~~~~~~~~~~~~^^^^^^
  File "C:\Users\1\AppData\Local\Programs\Python\Python313\Lib\asyncio\base_events.py", line 725, in run_until_complete
    return future.result()
           ~~~~~~~~~~~~~^^
asyncio.exceptions.CancelledError

During handling of the above exception, another exception occurred:

Traceback (most recent call last):
  File "C:\Users\1\AppData\Local\Programs\Python\Python313\Lib\asyncio\runners.py", line 195, in run
    return runner.run(main)
           ~~~~~~~~~~^^^^^^
  File "C:\Users\1\AppData\Local\Programs\Python\Python313\Lib\asyncio\runners.py", line 123, in run
    raise KeyboardInterrupt()
KeyboardInterrupt

During handling of the above exception, another exception occurred:

Traceback (most recent call last):
  File "C:\Users\1\Documents\CRM\backend\.venv\Lib\site-packages\starlette\routing.py", line 701, in lifespan
    await receive()
  File "C:\Users\1\Documents\CRM\backend\.venv\Lib\site-packages\uvicorn\lifespan\on.py", line 137, in receive
    return await self.receive_queue.get()
           ^^^^^^^^^^^^^^^^^^^^^^^^^^^^^^
  File "C:\Users\1\AppData\Local\Programs\Python\Python313\Lib\asyncio\queues.py", line 186, in get
    await getter
asyncio.exceptions.CancelledError

INFO:     Started server process [9772]
INFO:     Waiting for application startup.
INFO:     Application startup complete.
WARNING:  WatchFiles detected changes in 'tests\test_integrations_v1.py', 'app\integrations_v1\worker.py'. Reloading...
INFO:     Shutting down
INFO:     Waiting for application shutdown.
INFO:     Application shutdown complete.
INFO:     Finished server process [9772]
INFO:     Started server process [200012]
INFO:     Waiting for application startup.
INFO:     Application startup complete.
WARNING:  WatchFiles detected changes in 'app\services\leads_service.py'. Reloading...
INFO:     Shutting down
INFO:     Waiting for application shutdown.
INFO:     Application shutdown complete.
INFO:     Finished server process [200012]
INFO:     Started server process [692]
INFO:     Waiting for application startup.
INFO:     Application startup complete.
WARNING:  WatchFiles detected changes in 'app\integrations_v1\state.py', 'app\integrations_v1\google.py', 'app\integrations_v1\worker.py'. Reloading...
INFO:     Shutting down
INFO:     Waiting for application shutdown.
INFO:     Application shutdown complete.
INFO:     Finished server process [692]
WARNING:  WatchFiles detected changes in 'app\lead_enrichment\fetch_leads.py', 'app\routes\briefing.py', 'app\lead_enrichment\write_back_to_attio.py', 'app\lead_enrichment\runner.py', 'tests\test_integrations_v1.py', 'app\briefing.py', 'app\lead_discovery\upsert_company_to_attio.py', 'app\services\settings_service.py', 'app\integrations_v1\google.py', 'app\integrations_v1\jobs.py', 'app\services\attio_formatting.py', 'app\integrations_v1\__init__.py', 'app\integrations_v1\worker.py', 'app\integrations_v1\router.py', 'app\lead_enrichment\clients\attio_client.py'. Reloading...
INFO:     Started server process [176124]
INFO:     Waiting for application startup.
INFO:     Application startup complete.
ERROR:    Traceback (most recent call last):
  File "C:\Users\1\AppData\Local\Programs\Python\Python313\Lib\asyncio\runners.py", line 118, in run
    return self._loop.run_until_complete(task)
           ~~~~~~~~~~~~~~~~~~~~~~~~~~~~~^^^^^^
  File "C:\Users\1\AppData\Local\Programs\Python\Python313\Lib\asyncio\base_events.py", line 725, in run_until_complete
    return future.result()
           ~~~~~~~~~~~~~^^
asyncio.exceptions.CancelledError

During handling of the above exception, another exception occurred:

Traceback (most recent call last):
  File "C:\Users\1\AppData\Local\Programs\Python\Python313\Lib\asyncio\runners.py", line 195, in run
    return runner.run(main)
           ~~~~~~~~~~^^^^^^
  File "C:\Users\1\AppData\Local\Programs\Python\Python313\Lib\asyncio\runners.py", line 123, in run
    raise KeyboardInterrupt()
KeyboardInterrupt

During handling of the above exception, another exception occurred:

Traceback (most recent call last):
  File "C:\Users\1\Documents\CRM\backend\.venv\Lib\site-packages\starlette\routing.py", line 701, in lifespan
    await receive()
  File "C:\Users\1\Documents\CRM\backend\.venv\Lib\site-packages\uvicorn\lifespan\on.py", line 137, in receive
    return await self.receive_queue.get()
           ^^^^^^^^^^^^^^^^^^^^^^^^^^^^^^
  File "C:\Users\1\AppData\Local\Programs\Python\Python313\Lib\asyncio\queues.py", line 186, in get
    await getter
asyncio.exceptions.CancelledError

INFO:     Started server process [54176]
INFO:     Waiting for application startup.
INFO:     Application startup complete.
WARNING:  WatchFiles detected changes in 'app\integrations_v1\backup.py', 'tests\test_integrations_v1.py', 'app\integrations_v1\__init__.py', 'app\integrations_v1\worker.py'. Reloading...
INFO:     Shutting down
INFO:     Waiting for application shutdown.
INFO:     Application shutdown complete.
INFO:     Finished server process [54176]
WARNING:  WatchFiles detected changes in 'app\integrations_v1\backup.py'. Reloading...
INFO:     Started server process [202456]
INFO:     Waiting for application startup.
INFO:     Application startup complete.
ERROR:    Traceback (most recent call last):
  File "C:\Users\1\AppData\Local\Programs\Python\Python313\Lib\asyncio\runners.py", line 118, in run
    return self._loop.run_until_complete(task)
           ~~~~~~~~~~~~~~~~~~~~~~~~~~~~~^^^^^^
  File "C:\Users\1\AppData\Local\Programs\Python\Python313\Lib\asyncio\base_events.py", line 725, in run_until_complete
    return future.result()
           ~~~~~~~~~~~~~^^
asyncio.exceptions.CancelledError

During handling of the above exception, another exception occurred:

Traceback (most recent call last):
  File "C:\Users\1\AppData\Local\Programs\Python\Python313\Lib\asyncio\runners.py", line 195, in run
    return runner.run(main)
           ~~~~~~~~~~^^^^^^
  File "C:\Users\1\AppData\Local\Programs\Python\Python313\Lib\asyncio\runners.py", line 123, in run
    raise KeyboardInterrupt()
KeyboardInterrupt

During handling of the above exception, another exception occurred:

Traceback (most recent call last):
  File "C:\Users\1\Documents\CRM\backend\.venv\Lib\site-packages\starlette\routing.py", line 701, in lifespan
    await receive()
  File "C:\Users\1\Documents\CRM\backend\.venv\Lib\site-packages\uvicorn\lifespan\on.py", line 137, in receive
    return await self.receive_queue.get()
           ^^^^^^^^^^^^^^^^^^^^^^^^^^^^^^
  File "C:\Users\1\AppData\Local\Programs\Python\Python313\Lib\asyncio\queues.py", line 186, in get
    await getter
asyncio.exceptions.CancelledError

INFO:     Started server process [174928]
INFO:     Waiting for application startup.
INFO:     Application startup complete.
WARNING:  WatchFiles detected changes in '.venv\Lib\site-packages\win32ctypes\core\cffi\_dll.py', '.venv\Lib\site-packages\win32ctypes\core\ctypes\_time.py', '.venv\Lib\site-packages\pyparsing\core.py', '.venv\Lib\site-packages\pyparsing\results.py', '.venv\Lib\site-packages\pyparsing\common.py', '.venv\Lib\site-packages\win32ctypes\tests\test_backends.py', '.venv\Lib\site-packages\pyparsing\unicode.py', '.venv\Lib\site-packages\win32ctypes\version.py', '.venv\Lib\site-packages\win32ctypes\core\ctypes\_common.py', '.venv\Lib\site-packages\pyparsing\tools\__init__.py', '.venv\Lib\site-packages\win32ctypes\core\_winerrors.py', '.venv\Lib\site-packages\win32ctypes\core\ctypes\_dll.py', '.venv\Lib\site-packages\pyparsing\util.py', '.venv\Lib\site-packages\multipart\decoders.py', '.venv\Lib\site-packages\win32ctypes\core\ctypes\__init__.py', '.venv\Lib\site-packages\win32ctypes\core\ctypes\_resource.py', '.venv\Lib\site-packages\pyparsing\testing.py', '.venv\Lib\site-packages\win32ctypes\core\cffi\__init__.py', '.venv\Lib\site-packages\win32ctypes\core\ctypes\_nl_support.py', '.venv\Lib\site-packages\win32ctypes\core\cffi\_nl_support.py', '.venv\Lib\site-packages\python_multipart\decoders.py', '.venv\Lib\site-packages\uritemplate\api.py', '.venv\Lib\site-packages\python_multipart\__init__.py', '.venv\Lib\site-packages\multipart\exceptions.py', '.venv\Lib\site-packages\pyparsing\__init__.py', '.venv\Lib\site-packages\win32ctypes\tests\__init__.py', '.venv\Lib\site-packages\win32ctypes\pywintypes.py', '.venv\Lib\site-packages\win32ctypes\tests\test_win32cred.py', '.venv\Lib\site-packages\win32ctypes\pywin32\win32api.py', '.venv\Lib\site-packages\pyparsing\actions.py', '.venv\Lib\site-packages\uritemplate\orderedset.py', '.venv\Lib\site-packages\python_multipart\exceptions.py', '.venv\Lib\site-packages\win32ctypes\core\ctypes\_system_information.py', '.venv\Lib\site-packages\win32ctypes\core\cffi\_util.py', '.venv\Lib\site-packages\win32ctypes\core\cffi\_system_information.py', '.venv\Lib\site-packages\win32ctypes\win32cred.py', '.venv\Lib\site-packages\win32ctypes\core\cffi\_common.py', '.venv\Lib\site-packages\uritemplate\__init__.py', '.venv\Lib\site-packages\multipart\multipart.py', '.venv\Lib\site-packages\multipart\__init__.py', '.venv\Lib\site-packages\win32ctypes\core\cffi\_time.py', '.venv\Lib\site-packages\win32ctypes\pywin32\win32cred.py', '.venv\Lib\site-packages\win32ctypes\pywin32\pywintypes.py', '.venv\Lib\site-packages\win32ctypes\core\cffi\_resource.py', '.venv\Lib\site-packages\pyparsing\warnings.py', '.venv\Lib\site-packages\win32ctypes\tests\test_win32api.py', '.venv\Lib\site-packages\win32ctypes\__init__.py', '.venv\Lib\site-packages\pyparsing\helpers.py', '.venv\Lib\site-packages\uritemplate\template.py', '.venv\Lib\site-packages\uritemplate\variable.py', '.venv\Lib\site-packages\pyparsing\exceptions.py', '.venv\Lib\site-packages\win32ctypes\pywin32\__init__.py', '.venv\Lib\site-packages\pyparsing\tools\cvt_pyparsing_pep8_names.py', '.venv\Lib\site-packages\pyparsing\ai\__init__.py', '.venv\Lib\site-packages\pyparsing\ai\show_best_practices\__init__.py', '.venv\Lib\site-packages\win32ctypes\core\compat.py', '.venv\Lib\site-packages\win32ctypes\core\__init__.py', '.venv\Lib\site-packages\pyparsing\ai\show_best_practices\__main__.py', '.venv\Lib\site-packages\win32ctypes\core\ctypes\_util.py', '.venv\Lib\site-packages\pyparsing\diagram\__init__.py', '.venv\Lib\site-packages\win32ctypes\win32api.py', '.venv\Lib\site-packages\win32ctypes\core\ctypes\_authentication.py', '.venv\Lib\site-packages\win32ctypes\core\cffi\_authentication.py', '.venv\Lib\site-packages\python_multipart\multipart.py'. Reloading...
INFO:     Shutting down
INFO:     Waiting for application shutdown.
INFO:     Application shutdown complete.
INFO:     Finished server process [174928]
WARNING:  WatchFiles detected changes in '.venv\Lib\site-packages\stripe\params\_invoice_modify_params.py', '.venv\Lib\site-packages\stripe\v2\core\_account_token.py', '.venv\Lib\site-packages\stripe\treasury\_received_credit_service.py', '.venv\Lib\site-packages\reportlab\graphics\barcode\widgets.py', '.venv\Lib\site-packages\stripe\_event_service.py', '.venv\Lib\site-packages\stripe\params\test_helpers\treasury\_outbound_payment_return_outbound_payment_params.py', '.venv\Lib\site-packages\reportlab\graphics\barcode\code128.py', '.venv\Lib\site-packages\proto\utils.py', '.venv\Lib\site-packages\reportlab\graphics\charts\lineplots.py', '.venv\Lib\site-packages\google\protobuf\descriptor_pool.py', '.venv\Lib\site-packages\oauthlib\openid\connect\core\grant_types\__init__.py', '.venv\Lib\site-packages\stripe\v2\_core_service.py', '.venv\Lib\site-packages\stripe\params\_country_spec_retrieve_params.py', '.venv\Lib\site-packages\stripe\_plan_service.py', '.venv\Lib\site-packages\stripe\params\_promotion_code_create_params.py', '.venv\Lib\site-packages\reportlab\lib\__init__.py', '.venv\Lib\site-packages\stripe\params\_webhook_endpoint_create_params.py', '.venv\Lib\site-packages\stripe\reporting\_report_run.py', '.venv\Lib\site-packages\stripe\params\_customer_balance_transaction_create_params.py', '.venv\Lib\site-packages\stripe\params\_subscription_update_params.py', '.venv\Lib\site-packages\stripe\params\climate\_order_create_params.py', '.venv\Lib\site-packages\oauthlib\oauth2\rfc8628\grant_types\__init__.py', '.venv\Lib\site-packages\stripe\params\issuing\_dispute_list_params.py', '.venv\Lib\site-packages\stripe\params\climate\_order_list_params.py', '.venv\Lib\site-packages\oauthlib\signals.py', '.venv\Lib\site-packages\PIL\WmfImagePlugin.py', '.venv\Lib\site-packages\google\protobuf\util\__init__.py', '.venv\Lib\site-packages\stripe\params\billing\_meter_update_params.py', '.venv\Lib\site-packages\stripe\params\billing\_credit_balance_transaction_retrieve_params.py', '.venv\Lib\site-packages\stripe\params\_tax_rate_modify_params.py', '.venv\Lib\site-packages\stripe\params\_shipping_rate_update_params.py', '.venv\Lib\site-packages\stripe\params\_payment_method_configuration_update_params.py', '.venv\Lib\site-packages\stripe\events\_v2_commerce_product_catalog_imports_processing_event.py', '.venv\Lib\site-packages\stripe\_payment_link_service.py', '.venv\Lib\site-packages\stripe\params\_coupon_retrieve_params.py', '.venv\Lib\site-packages\google\api\auth_pb2.py', '.venv\Lib\site-packages\stripe\_dispute_service.py', '.venv\Lib\site-packages\keyring\backends\fail.py', '.venv\Lib\site-packages\stripe\tax\_registration.py', '.venv\Lib\site-packages\stripe\_webhook_endpoint_service.py', '.venv\Lib\site-packages\stripe\identity\__init__.py', '.venv\Lib\site-packages\stripe\events\_v2_commerce_product_catalog_imports_failed_event.py', '.venv\Lib\site-packages\stripe\params\_subscription_resume_params.py', '.venv\Lib\site-packages\stripe\_file.py', '.venv\Lib\site-packages\reportlab\graphics\charts\spider.py', '.venv\Lib\site-packages\stripe\params\_customer_payment_source_verify_params.py', '.venv\Lib\site-packages\stripe\v2\core\_account_service.py', '.venv\Lib\site-packages\stripe\params\financial_connections\_account_list_params.py', '.venv\Lib\site-packages\stripe\params\billing\_credit_grant_void_grant_params.py', '.venv\Lib\site-packages\stripe\params\_invoice_payment_retrieve_params.py', '.venv\Lib\site-packages\stripe\params\_subscription_schedule_release_params.py', '.venv\Lib\site-packages\stripe\params\_charge_list_params.py', '.venv\Lib\site-packages\stripe\treasury\_received_debit.py', '.venv\Lib\site-packages\stripe\tax\_transaction.py', '.venv\Lib\site-packages\reportlab\platypus\xpreformatted.py', '.venv\Lib\site-packages\stripe\params\_payment_method_domain_list_params.py', '.venv\Lib\site-packages\PIL\IptcImagePlugin.py', '.venv\Lib\site-packages\stripe\test_helpers\terminal\__init__.py', '.venv\Lib\site-packages\oauthlib\oauth1\rfc5849\errors.py', '.venv\Lib\site-packages\proto\marshal\__init__.py', '.venv\Lib\site-packages\stripe\params\_quote_modify_params.py', '.venv\Lib\site-packages\oauthlib\oauth2\rfc6749\utils.py', '.venv\Lib\site-packages\google\protobuf\field_mask_pb2.py', '.venv\Lib\site-packages\stripe\params\tax\_registration_update_params.py', '.venv\Lib\site-packages\oauthlib\oauth1\rfc5849\endpoints\pre_configured.py', '.venv\Lib\site-packages\oauthlib\oauth2\rfc6749\endpoints\base.py', '.venv\Lib\site-packages\google\api\distribution_pb2.py', '.venv\Lib\site-packages\stripe\test_helpers\issuing\_personalization_design_service.py', '.venv\Lib\site-packages\stripe\params\_invoice_search_params.py', '.venv\Lib\site-packages\stripe\params\climate\_order_cancel_params.py', '.venv\Lib\site-packages\stripe\_exchange_rate_service.py', '.venv\Lib\site-packages\stripe\_sigma_service.py', '.venv\Lib\site-packages\google\type\dayofweek_pb2.py', '.venv\Lib\site-packages\reportlab\graphics\utils.py', '.venv\Lib\site-packages\stripe\tax\_association.py', '.venv\Lib\site-packages\stripe\params\test_helpers\treasury\_outbound_transfer_post_params.py', '.venv\Lib\site-packages\stripe\params\treasury\_inbound_transfer_create_params.py', '.venv\Lib\site-packages\keyring\errors.py', '.venv\Lib\site-packages\stripe\params\_tax_code_retrieve_params.py', '.venv\Lib\site-packages\stripe\params\_coupon_create_params.py', '.venv\Lib\site-packages\stripe\params\issuing\_token_list_params.py', '.venv\Lib\site-packages\stripe\params\_customer_create_funding_instructions_params.py', '.venv\Lib\site-packages\stripe\params\_payout_reverse_params.py', '.venv\Lib\site-packages\stripe\params\entitlements\_feature_update_params.py', '.venv\Lib\site-packages\stripe\_requestor_options.py', '.venv\Lib\site-packages\stripe\params\treasury\_outbound_transfer_retrieve_params.py', '.venv\Lib\site-packages\stripe\params\_invoice_delete_params.py', '.venv\Lib\site-packages\google\api\resource_pb2.py', '.venv\Lib\site-packages\stripe\params\terminal\_reader_refund_payment_params.py', '.venv\Lib\site-packages\keyring\backends\macOS\__init__.py', '.venv\Lib\site-packages\google\longrunning\operations_pb2.py', '.venv\Lib\site-packages\stripe\params\_product_retrieve_feature_params.py', '.venv\Lib\site-packages\stripe\_util.py', '.venv\Lib\site-packages\stripe\treasury\_outbound_payment.py', '.venv\Lib\site-packages\reportlab\graphics\barcode\dmtx.py', '.venv\Lib\site-packages\stripe\params\_ephemeral_key_delete_params.py', '.venv\Lib\site-packages\stripe\params\v2\core\_account_update_params.py', '.venv\Lib\site-packages\stripe\params\_payout_update_params.py', '.venv\Lib\site-packages\stripe\_any_iterator.py', 'app\communications\schema.py', '.venv\Lib\site-packages\reportlab\pdfbase\_fontdata_widths_timesbold.py', '.venv\Lib\site-packages\stripe\params\treasury\_received_debit_retrieve_params.py', '.venv\Lib\site-packages\stripe\params\test_helpers\treasury\__init__.py', '.venv\Lib\site-packages\stripe\params\issuing\_dispute_modify_params.py', '.venv\Lib\site-packages\stripe\_price_service.py', '.venv\Lib\site-packages\reportlab\graphics\charts\axes.py', '.venv\Lib\site-packages\reportlab\graphics\samples\excelcolors.py', '.venv\Lib\site-packages\stripe\params\_subscription_schedule_cancel_params.py', '.venv\Lib\site-packages\stripe\params\billing\_meter_create_params.py', '.venv\Lib\site-packages\stripe\_error_object.py', '.venv\Lib\site-packages\stripe\test_helpers\issuing\__init__.py', '.venv\Lib\site-packages\stripe\params\_invoice_void_invoice_params.py', '.venv\Lib\site-packages\stripe\params\treasury\_transaction_entry_list_params.py', '.venv\Lib\site-packages\stripe\treasury\_received_debit_service.py', '.venv\Lib\site-packages\stripe\_subscription_item_service.py', '.venv\Lib\site-packages\stripe\params\checkout\_session_expire_params.py', '.venv\Lib\site-packages\stripe\_list_object.py', '.venv\Lib\site-packages\google\type\interval_pb2.py', '.venv\Lib\site-packages\stripe\params\billing\_meter_list_params.py', '.venv\Lib\site-packages\PIL\TgaImagePlugin.py', '.venv\Lib\site-packages\reportlab\graphics\barcode\__init__.py', '.venv\Lib\site-packages\oauthlib\openid\connect\core\grant_types\base.py', '.venv\Lib\site-packages\PIL\ImageTransform.py', '.venv\Lib\site-packages\PIL\_typing.py', '.venv\Lib\site-packages\stripe\_apple_pay_domain_service.py', '.venv\Lib\site-packages\stripe\params\_exchange_rate_list_params.py', '.venv\Lib\site-packages\stripe\v2\core\_account_token_service.py', '.venv\Lib\site-packages\stripe\params\treasury\_debit_reversal_create_params.py', '.venv\Lib\site-packages\stripe\_customer_session.py', '.venv\Lib\site-packages\stripe\params\_payment_intent_confirm_params.py', '.venv\Lib\site-packages\stripe\params\_payment_record_report_payment_attempt_canceled_params.py', '.venv\Lib\site-packages\stripe\test_helpers\treasury\_received_debit_service.py', '.venv\Lib\site-packages\stripe\params\tax\_calculation_line_item_list_params.py', '.venv\Lib\site-packages\stripe\params\_invoice_item_list_params.py', '.venv\Lib\site-packages\stripe\params\issuing\_card_ship_card_params.py', '.venv\Lib\site-packages\stripe\_shipping_rate.py', '.venv\Lib\site-packages\requests_oauthlib\compliance_fixes\facebook.py', '.venv\Lib\site-packages\stripe\params\terminal\__init__.py', '.venv\Lib\site-packages\stripe\_webhook.py', '.venv\Lib\site-packages\PIL\GbrImagePlugin.py', '.venv\Lib\site-packages\stripe\params\issuing\_cardholder_update_params.py', '.venv\Lib\site-packages\stripe\billing\_meter_event_summary_service.py', '.venv\Lib\site-packages\stripe\_invoice.py', '.venv\Lib\site-packages\PIL\ImageColor.py', '.venv\Lib\site-packages\google\protobuf\service_reflection.py', '.venv\Lib\site-packages\stripe\entitlements\_active_entitlement_summary.py', '.venv\Lib\site-packages\reportlab\lib\normalDate.py', '.venv\Lib\site-packages\google\gapic\metadata\gapic_metadata_pb2.py', '.venv\Lib\site-packages\stripe\params\_quote_update_params.py', '.venv\Lib\site-packages\oauthlib\openid\connect\core\grant_types\refresh_token.py', '.venv\Lib\site-packages\stripe\params\forwarding\_request_retrieve_params.py', '.venv\Lib\site-packages\stripe\params\_customer_modify_cash_balance_params.py', '.venv\Lib\site-packages\stripe\_source_service.py', '.venv\Lib\site-packages\reportlab\pdfbase\_fontdata_enc_macexpert.py', '.venv\Lib\site-packages\stripe\params\_account_login_link_create_params.py', '.venv\Lib\site-packages\stripe\params\v2\core\_event_retrieve_params.py', '.venv\Lib\site-packages\stripe\params\treasury\_debit_reversal_retrieve_params.py', '.venv\Lib\site-packages\stripe\params\_invoice_item_delete_params.py', '.venv\Lib\site-packages\google\protobuf\unknown_fields.py', '.venv\Lib\site-packages\stripe\events\_v2_core_account_updated_event.py', '.venv\Lib\site-packages\stripe\params\_setup_intent_create_params.py', '.venv\Lib\site-packages\PIL\ImageTk.py', '.venv\Lib\site-packages\more_itertools\more.py', '.venv\Lib\site-packages\stripe\params\treasury\_financial_account_features_retrieve_params.py', '.venv\Lib\site-packages\httplib2\__init__.py', '.venv\Lib\site-packages\stripe\v2\commerce\product_catalog\_import_service.py', '.venv\Lib\site-packages\stripe\_quote_service.py', '.venv\Lib\site-packages\reportlab\pdfbase\_fontdata_widths_courierboldoblique.py', '.venv\Lib\site-packages\stripe\params\_invoice_attach_payment_params.py', '.venv\Lib\site-packages\stripe\params\_account_person_retrieve_params.py', '.venv\Lib\site-packages\PIL\BdfFontFile.py', '.venv\Lib\site-packages\stripe\_transfer.py', '.venv\Lib\site-packages\stripe\params\_dispute_close_params.py', '.venv\Lib\site-packages\stripe\params\_customer_list_sources_params.py', '.venv\Lib\site-packages\stripe\params\v2\core\_account_token_retrieve_params.py', '.venv\Lib\site-packages\stripe\params\_payout_cancel_params.py', '.venv\Lib\site-packages\stripe\params\financial_connections\_account_disconnect_params.py', '.venv\Lib\site-packages\stripe\_promotion_code_service.py', '.venv\Lib\site-packages\stripe\v2\commerce\_product_catalog_import.py', '.venv\Lib\site-packages\stripe\params\_customer_retrieve_tax_id_params.py', '.venv\Lib\site-packages\stripe\params\financial_connections\_account_owner_list_params.py', '.venv\Lib\site-packages\stripe\terminal\_configuration_service.py', '.venv\Lib\site-packages\stripe\billing\_meter_event_adjustment.py', '.venv\Lib\site-packages\stripe\params\_payment_intent_increment_authorization_params.py', '.venv\Lib\site-packages\stripe\params\test_helpers\terminal\_reader_succeed_input_collection_params.py', '.venv\Lib\site-packages\stripe\params\_tax_rate_update_params.py', '.venv\Lib\site-packages\reportlab\pdfbase\_fontdata_widths_timesitalic.py', '.venv\Lib\site-packages\keyring\util\platform_.py', '.venv\Lib\site-packages\stripe\terminal\_connection_token.py', '.venv\Lib\site-packages\stripe\forwarding\_request_service.py', '.venv\Lib\site-packages\stripe\_customer_tax_id_service.py', '.venv\Lib\site-packages\stripe\params\_customer_search_params.py', '.venv\Lib\site-packages\stripe\_payment_intent.py', '.venv\Lib\site-packages\keyring\backends\Windows.py', '.venv\Lib\site-packages\stripe\tax\_transaction_line_item.py', '.venv\Lib\site-packages\stripe\_tax_deducted_at_source.py', '.venv\Lib\site-packages\reportlab\pdfgen\canvas.py', '.venv\Lib\site-packages\stripe\billing_portal\_session_service.py', '.venv\Lib\site-packages\PIL\ImagePath.py', '.venv\Lib\site-packages\stripe\_funding_instructions.py', '.venv\Lib\site-packages\stripe\radar\_payment_evaluation.py', '.venv\Lib\site-packages\google\protobuf\internal\extension_dict.py', '.venv\Lib\site-packages\proto\marshal\collections\repeated.py', '.venv\Lib\site-packages\stripe\params\test_helpers\issuing\_authorization_create_params.py', '.venv\Lib\site-packages\stripe\_treasury_service.py', '.venv\Lib\site-packages\reportlab\lib\pagesizes.py', '.venv\Lib\site-packages\PIL\GimpGradientFile.py', '.venv\Lib\site-packages\stripe\params\_payment_method_list_params.py', '.venv\Lib\site-packages\stripe\_error.py', '.venv\Lib\site-packages\google\type\phone_number_pb2.py', '.venv\Lib\site-packages\stripe\_v1_services.py', '.venv\Lib\site-packages\stripe\financial_connections\_session_service.py', '.venv\Lib\site-packages\stripe\params\tax\_registration_list_params.py', '.venv\Lib\site-packages\stripe\params\_apple_pay_domain_list_params.py', '.venv\Lib\site-packages\stripe\params\reporting\__init__.py', '.venv\Lib\site-packages\stripe\params\_account_modify_capability_params.py', '.venv\Lib\site-packages\reportlab\pdfgen\textobject.py', '.venv\Lib\site-packages\google\protobuf\symbol_database.py', '.venv\Lib\site-packages\stripe\params\treasury\_inbound_transfer_list_params.py', '.venv\Lib\site-packages\stripe\test_helpers\treasury\_received_credit_service.py', '.venv\Lib\site-packages\stripe\params\forwarding\_request_list_params.py', '.venv\Lib\site-packages\stripe\_transfer_service.py', '.venv\Lib\site-packages\google\cloud\extended_operations_pb2.py', '.venv\Lib\site-packages\stripe\params\test_helpers\issuing\_card_submit_card_params.py', '.venv\Lib\site-packages\stripe\params\_quote_finalize_quote_params.py', '.venv\Lib\site-packages\PIL\__main__.py', '.venv\Lib\site-packages\google\protobuf\descriptor_pb2.py', '.venv\Lib\site-packages\stripe\_credit_note_line_item.py', '.venv\Lib\site-packages\reportlab\lib\corp.py', '.venv\Lib\site-packages\PIL\PsdImagePlugin.py', '.venv\Lib\site-packages\stripe\_customer_balance_transaction.py', '.venv\Lib\site-packages\stripe\events\_v2_core_account_including_configuration_customer_capability_status_updated_event.py', '.venv\Lib\site-packages\stripe\params\test_helpers\treasury\_inbound_transfer_succeed_params.py', '.venv\Lib\site-packages\reportlab\pdfbase\_fontdata_enc_standard.py', '.venv\Lib\site-packages\oauthlib\oauth2\rfc6749\clients\__init__.py', '.venv\Lib\site-packages\stripe\params\_price_modify_params.py', '.venv\Lib\site-packages\httplib2\error.py', '.venv\Lib\site-packages\stripe\events\_v2_commerce_product_catalog_imports_succeeded_with_errors_event.py', '.venv\Lib\site-packages\stripe\_invoice_line_item_service.py', '.venv\Lib\site-packages\stripe\params\tax\_transaction_list_line_items_params.py', '.venv\Lib\site-packages\oauthlib\oauth2\rfc6749\grant_types\client_credentials.py', '.venv\Lib\site-packages\stripe\financial_connections\_account.py', '.venv\Lib\site-packages\stripe\params\_invoice_add_lines_params.py', '.venv\Lib\site-packages\stripe\_subscription.py', '.venv\Lib\site-packages\stripe\params\_shipping_rate_create_params.py', '.venv\Lib\site-packages\stripe\params\_source_create_params.py', '.venv\Lib\site-packages\reportlab\graphics\samples\simple_pie.py', '.venv\Lib\site-packages\proto\__init__.py', '.venv\Lib\site-packages\stripe\params\_account_modify_external_account_params.py', '.venv\Lib\site-packages\stripe\_credit_note_preview_lines_service.py', '.venv\Lib\site-packages\stripe\_issuing_service.py', '.venv\Lib\site-packages\stripe\params\checkout\_session_modify_params.py', '.venv\Lib\site-packages\stripe\_api_resource.py', '.venv\Lib\site-packages\stripe\params\v2\core\accounts\_person_delete_params.py', '.venv\Lib\site-packages\reportlab\graphics\testshapes.py', '.venv\Lib\site-packages\reportlab\graphics\renderPDF.py', '.venv\Lib\site-packages\stripe\params\_account_external_account_update_params.py', '.venv\Lib\site-packages\stripe\params\_payment_intent_list_amount_details_line_items_params.py', '.venv\Lib\site-packages\PIL\ImageSequence.py', '.venv\Lib\site-packages\PIL\ImageOps.py', '.venv\Lib\site-packages\google\type\date_pb2.py', '.venv\Lib\site-packages\stripe\params\_source_detach_params.py', '.venv\Lib\site-packages\stripe\params\identity\_verification_session_redact_params.py', '.venv\Lib\site-packages\stripe\billing\_alert_triggered.py', '.venv\Lib\site-packages\stripe\params\_customer_modify_params.py', '.venv\Lib\site-packages\stripe\params\_subscription_schedule_list_params.py', '.venv\Lib\site-packages\stripe\params\_file_link_update_params.py', '.venv\Lib\site-packages\stripe\params\_invoice_rendering_template_unarchive_params.py', '.venv\Lib\site-packages\stripe\params\_payment_method_retrieve_params.py', '.venv\Lib\site-packages\PIL\MspImagePlugin.py', '.venv\Lib\site-packages\stripe\_tax_rate.py', '.venv\Lib\site-packages\stripe\entitlements\_active_entitlement_service.py', '.venv\Lib\site-packages\stripe\_credit_note_service.py', '.venv\Lib\site-packages\stripe\params\reporting\_report_type_list_params.py', '.venv\Lib\site-packages\stripe\params\billing\_meter_event_create_params.py', '.venv\Lib\site-packages\keyring\testing\util.py', '.venv\Lib\site-packages\stripe\params\_invoice_list_lines_params.py', '.venv\Lib\site-packages\stripe\_subscription_schedule_service.py', '.venv\Lib\site-packages\stripe\params\radar\_value_list_list_params.py', '.venv\Lib\site-packages\reportlab\lib\textsplit.py', '.venv\Lib\site-packages\stripe\params\tax\_settings_modify_params.py', '.venv\Lib\site-packages\stripe\_quote.py', '.venv\Lib\site-packages\reportlab\graphics\samples\radar.py', '.venv\Lib\site-packages\stripe\params\_confirmation_token_retrieve_params.py', '.venv\Lib\site-packages\stripe\_account_link.py', '.venv\Lib\site-packages\reportlab\lib\fonts.py', '.venv\Lib\site-packages\stripe\params\billing\_meter_event_adjustment_create_params.py', '.venv\Lib\site-packages\stripe\_api_mode.py', '.venv\Lib\site-packages\keyring\__init__.py', '.venv\Lib\site-packages\google\rpc\status_pb2.py', '.venv\Lib\site-packages\stripe\params\_payment_intent_search_params.py', '.venv\Lib\site-packages\stripe\v2\_billing_service.py', '.venv\Lib\site-packages\stripe\params\_promotion_code_modify_params.py', '.venv\Lib\site-packages\PIL\ImageMode.py', '.venv\Lib\site-packages\stripe\_review.py', '.venv\Lib\site-packages\stripe\_charge.py', '.venv\Lib\site-packages\proto\marshal\rules\enums.py', '.venv\Lib\site-packages\stripe\params\_subscription_search_params.py', '.venv\Lib\site-packages\google\protobuf\struct_pb2.py', '.venv\Lib\site-packages\stripe\params\billing\_credit_grant_create_params.py', '.venv\Lib\site-packages\stripe\reporting\_report_type.py', '.venv\Lib\site-packages\oauthlib\oauth2\rfc6749\tokens.py', '.venv\Lib\site-packages\stripe\params\_payment_link_line_item_list_params.py', '.venv\Lib\site-packages\stripe\params\treasury\_financial_account_list_params.py', '.venv\Lib\site-packages\stripe\params\issuing\_card_list_params.py', '.venv\Lib\site-packages\stripe\params\terminal\_location_create_params.py', '.venv\Lib\site-packages\stripe\params\_account_external_account_delete_params.py', '.venv\Lib\site-packages\proto\_package_info.py', '.venv\Lib\site-packages\stripe\params\test_helpers\issuing\_authorization_reverse_params.py', '.venv\Lib\site-packages\reportlab\lib\enums.py', '.venv\Lib\site-packages\stripe\params\treasury\_financial_account_create_params.py', '.venv\Lib\site-packages\requests_oauthlib\compliance_fixes\weibo.py', '.venv\Lib\site-packages\stripe\params\_customer_modify_balance_transaction_params.py', '.venv\Lib\site-packages\stripe\params\_payment_method_domain_update_params.py', '.venv\Lib\site-packages\PIL\ImageGrab.py', '.venv\Lib\site-packages\stripe\_tax_service.py', '.venv\Lib\site-packages\stripe\params\_coupon_update_params.py', '.venv\Lib\site-packages\stripe\params\radar\_value_list_modify_params.py', '.venv\Lib\site-packages\stripe\params\_account_external_account_list_params.py', '.venv\Lib\site-packages\stripe\params\_customer_create_tax_id_params.py', '.venv\Lib\site-packages\stripe\v2\core\_account_link_service.py', '.venv\Lib\site-packages\PIL\PdfParser.py', '.venv\Lib\site-packages\reportlab\graphics\charts\doughnut.py', '.venv\Lib\site-packages\jaraco\functools\__init__.py', '.venv\Lib\site-packages\PIL\BmpImagePlugin.py', '.venv\Lib\site-packages\stripe\params\_credit_note_preview_params.py', '.venv\Lib\site-packages\stripe\terminal\_reader_service.py', '.venv\Lib\site-packages\google\api\field_info_pb2.py', '.venv\Lib\site-packages\stripe\params\_payment_method_create_params.py', '.venv\Lib\site-packages\stripe\params\apps\_secret_delete_where_params.py', '.venv\Lib\site-packages\reportlab\graphics\renderPM.py', '.venv\Lib\site-packages\stripe\params\financial_connections\_transaction_list_params.py', '.venv\Lib\site-packages\stripe\params\terminal\_configuration_create_params.py', '.venv\Lib\site-packages\google\protobuf\__init__.py', '.venv\Lib\site-packages\stripe\params\issuing\__init__.py', '.venv\Lib\site-packages\reportlab\lib\yaml.py', '.venv\Lib\site-packages\stripe\treasury\_financial_account_features.py', '.venv\Lib\site-packages\google\api\logging_pb2.py', '.venv\Lib\site-packages\stripe\params\terminal\_location_delete_params.py', '.venv\Lib\site-packages\stripe\reserve\__init__.py', '.venv\Lib\site-packages\stripe\params\_payment_method_domain_create_params.py', '.venv\Lib\site-packages\stripe\_plan.py', '.venv\Lib\site-packages\google\type\postal_address_pb2.py', '.venv\Lib\site-packages\stripe\params\v2\core\accounts\_person_list_params.py', '.venv\Lib\site-packages\proto\primitives.py', '.venv\Lib\site-packages\google\api\quota_pb2.py', '.venv\Lib\site-packages\stripe\billing_portal\_session.py', '.venv\Lib\site-packages\stripe\params\_payment_link_update_params.py', '.venv\Lib\site-packages\PIL\PcxImagePlugin.py', '.venv\Lib\site-packages\stripe\params\identity\_verification_report_list_params.py', '.venv\Lib\site-packages\stripe\reserve\_hold.py', '.venv\Lib\site-packages\stripe\params\terminal\_configuration_delete_params.py', '.venv\Lib\site-packages\stripe\params\v2\core\accounts\_person_token_retrieve_params.py', '.venv\Lib\site-packages\google\api\backend_pb2.py', '.venv\Lib\site-packages\PIL\PalmImagePlugin.py', '.venv\Lib\site-packages\stripe\params\_subscription_delete_discount_params.py', '.venv\Lib\site-packages\stripe\_balance_transaction.py', '.venv\Lib\site-packages\stripe\params\checkout\_session_line_item_list_params.py', '.venv\Lib\site-packages\google\api\source_info_pb2.py', '.venv\Lib\site-packages\keyring\backends\null.py', '.venv\Lib\site-packages\stripe\params\tax\_settings_retrieve_params.py', '.venv\Lib\site-packages\stripe\entitlements\_feature_service.py', '.venv\Lib\site-packages\google\api\annotations_pb2.py', '.venv\Lib\site-packages\stripe\_billing_portal_service.py', '.venv\Lib\site-packages\stripe\_product_feature_service.py', '.venv\Lib\site-packages\stripe\_searchable_api_resource.py', '.venv\Lib\site-packages\reportlab\graphics\widgets\markers.py', '.venv\Lib\site-packages\stripe\params\_payment_record_report_payment_attempt_guaranteed_params.py', '.venv\Lib\site-packages\requests_oauthlib\oauth1_auth.py', '.venv\Lib\site-packages\reportlab\lib\formatters.py', '.venv\Lib\site-packages\PIL\DcxImagePlugin.py', '.venv\Lib\site-packages\stripe\params\_topup_cancel_params.py', '.venv\Lib\site-packages\keyring\http.py', '.venv\Lib\site-packages\stripe\params\tax\_association_find_params.py', '.venv\Lib\site-packages\stripe\params\treasury\_outbound_transfer_return_outbound_transfer_params.py', '.venv\Lib\site-packages\stripe\terminal\_location_service.py', '.venv\Lib\site-packages\google\api\launch_stage_pb2.py', '.venv\Lib\site-packages\stripe\tax\_transaction_service.py', '.venv\Lib\site-packages\PIL\report.py', '.venv\Lib\site-packages\stripe\params\issuing\_transaction_modify_params.py', '.venv\Lib\site-packages\stripe\params\_token_create_params.py', '.venv\Lib\site-packages\stripe\params\_subscription_item_list_params.py', '.venv\Lib\site-packages\stripe\_apple_pay_domain.py', '.venv\Lib\site-packages\stripe\identity\_verification_session_service.py', '.venv\Lib\site-packages\stripe\params\treasury\_inbound_transfer_succeed_params.py', '.venv\Lib\site-packages\stripe\params\_dispute_retrieve_params.py', '.venv\Lib\site-packages\reportlab\graphics\samples\exploded_pie.py', '.venv\Lib\site-packages\google\api\billing_pb2.py', '.venv\Lib\site-packages\stripe\params\v2\core\accounts\_person_token_create_params.py', '.venv\Lib\site-packages\google\api\control_pb2.py', '.venv\Lib\site-packages\stripe\params\issuing\_cardholder_retrieve_params.py', '.venv\Lib\site-packages\reportlab\lib\extformat.py', '.venv\Lib\site-packages\PIL\GifImagePlugin.py', '.venv\Lib\site-packages\stripe\params\_payout_create_params.py', '.venv\Lib\site-packages\reportlab\pdfbase\_fontdata_widths_courier.py', '.venv\Lib\site-packages\proto\marshal\rules\dates.py', '.venv\Lib\site-packages\google\protobuf\pyext\__init__.py', '.venv\Lib\site-packages\keyring\testing\backend.py', '.venv\Lib\site-packages\google\protobuf\text_format.py', '.venv\Lib\site-packages\stripe\terminal\_reader.py', '.venv\Lib\site-packages\reportlab\graphics\barcode\qrencoder.py', '.venv\Lib\site-packages\stripe\v2\_list_object.py', '.venv\Lib\site-packages\reportlab\graphics\widgets\grids.py', '.venv\Lib\site-packages\stripe\params\test_helpers\_test_clock_delete_params.py', '.venv\Lib\site-packages\google\rpc\context\attribute_context_pb2.py', '.venv\Lib\site-packages\stripe\params\apps\_secret_find_params.py', '.venv\Lib\site-packages\reportlab\graphics\widgets\adjustableArrow.py', '.venv\Lib\site-packages\stripe\params\issuing\_cardholder_create_params.py', '.venv\Lib\site-packages\reportlab\graphics\__init__.py', '.venv\Lib\site-packages\PIL\Hdf5StubImagePlugin.py', '.venv\Lib\site-packages\stripe\climate\_supplier.py', '.venv\Lib\site-packages\stripe\params\radar\_value_list_item_retrieve_params.py', '.venv\Lib\site-packages\reportlab\pdfbase\_fontdata_enc_winansi.py', '.venv\Lib\site-packages\stripe\params\checkout\_session_list_line_items_params.py', '.venv\Lib\site-packages\stripe\_entitlements_service.py', '.venv\Lib\site-packages\stripe\params\checkout\_session_create_params.py', '.venv\Lib\site-packages\stripe\v2\core\_event.py', '.venv\Lib\site-packages\proto\marshal\compat.py', '.venv\Lib\site-packages\stripe\treasury\_inbound_transfer_service.py', '.venv\Lib\site-packages\stripe\params\climate\_supplier_retrieve_params.py', '.venv\Lib\site-packages\stripe\_multipart_data_generator.py', '.venv\Lib\site-packages\stripe\params\_price_create_params.py', '.venv\Lib\site-packages\requests_oauthlib\compliance_fixes\__init__.py', '.venv\Lib\site-packages\stripe\params\_product_create_feature_params.py', '.venv\Lib\site-packages\stripe\params\_subscription_modify_params.py', '.venv\Lib\site-packages\stripe\_billing_service.py', '.venv\Lib\site-packages\stripe\_source_mandate_notification.py', '.venv\Lib\site-packages\PIL\ImageFile.py', '.venv\Lib\site-packages\stripe\params\_customer_payment_source_update_params.py', '.venv\Lib\site-packages\PIL\MicImagePlugin.py', '.venv\Lib\site-packages\reportlab\platypus\para.py', '.venv\Lib\site-packages\stripe\params\_transfer_reversal_create_params.py', '.venv\Lib\site-packages\stripe\params\_application_fee_modify_refund_params.py', '.venv\Lib\site-packages\oauthlib\oauth1\rfc5849\utils.py', '.venv\Lib\site-packages\stripe\params\radar\__init__.py', '.venv\Lib\site-packages\stripe\params\issuing\_cardholder_list_params.py', '.venv\Lib\site-packages\stripe\params\radar\_payment_evaluation_create_params.py', '.venv\Lib\site-packages\stripe\params\_payment_method_configuration_list_params.py', '.venv\Lib\site-packages\PIL\PSDraw.py', '.venv\Lib\site-packages\stripe\_payment_attempt_record_service.py', '.venv\Lib\site-packages\stripe\params\billing\_alert_activate_params.py', '.venv\Lib\site-packages\stripe\_customer_payment_method_service.py', '.venv\Lib\site-packages\stripe\_payment_method_configuration.py', '.venv\Lib\site-packages\PIL\IcnsImagePlugin.py', '.venv\Lib\site-packages\PIL\ImageStat.py', '.venv\Lib\site-packages\reportlab\lib\testutils.py', '.venv\Lib\site-packages\stripe\_financial_connections_service.py', '.venv\Lib\site-packages\stripe\params\_coupon_delete_params.py', '.venv\Lib\site-packages\stripe\params\_customer_payment_source_create_params.py', '.venv\Lib\site-packages\PIL\PaletteFile.py', '.venv\Lib\site-packages\stripe\test_helpers\_test_clock.py', '.venv\Lib\site-packages\reportlab\graphics\charts\piecharts.py', '.venv\Lib\site-packages\stripe\params\_customer_fund_cash_balance_params.py', '.venv\Lib\site-packages\oauthlib\oauth2\rfc8628\clients\__init__.py', '.venv\Lib\site-packages\google\type\quaternion_pb2.py', '.venv\Lib\site-packages\stripe\test_helpers\issuing\_card_service.py', '.venv\Lib\site-packages\stripe\params\radar\_early_fraud_warning_list_params.py', '.venv\Lib\site-packages\stripe\_nested_resource_class_methods.py', '.venv\Lib\site-packages\oauthlib\oauth2\rfc8628\request_validator.py', '.venv\Lib\site-packages\oauthlib\openid\connect\core\grant_types\authorization_code.py', '.venv\Lib\site-packages\stripe\params\financial_connections\_account_subscribe_params.py', '.venv\Lib\site-packages\google\protobuf\any.py', '.venv\Lib\site-packages\reportlab\pdfbase\pdfform.py', '.venv\Lib\site-packages\stripe\_application.py', '.venv\Lib\site-packages\stripe\params\_quote_accept_params.py', '.venv\Lib\site-packages\keyring\credentials.py', '.venv\Lib\site-packages\reportlab\pdfbase\_fontdata_widths_timesroman.py', '.venv\Lib\site-packages\oauthlib\openid\connect\core\grant_types\dispatchers.py', '.venv\Lib\site-packages\stripe\treasury\_outbound_transfer.py', '.venv\Lib\site-packages\oauthlib\oauth2\rfc6749\clients\backend_application.py', '.venv\Lib\site-packages\stripe\params\_dispute_modify_params.py', '.venv\Lib\site-packages\reportlab\pdfbase\_fontdata_widths_courierbold.py', '.venv\Lib\site-packages\stripe\events\_v2_core_account_including_configuration_recipient_updated_event.py', '.venv\Lib\site-packages\stripe\params\billing\_credit_balance_summary_retrieve_params.py', '.venv\Lib\site-packages\stripe\issuing\_cardholder.py', '.venv\Lib\site-packages\stripe\billing\_meter_event.py', '.venv\Lib\site-packages\stripe\params\_setup_intent_verify_microdeposits_params.py', '.venv\Lib\site-packages\stripe\params\_charge_update_params.py', '.venv\Lib\site-packages\stripe\params\checkout\_session_retrieve_params.py', '.venv\Lib\site-packages\PIL\DdsImagePlugin.py', '.venv\Lib\site-packages\stripe\params\financial_connections\_account_retrieve_params.py', '.venv\Lib\site-packages\stripe\_mandate_service.py', '.venv\Lib\site-packages\stripe\params\_payment_intent_apply_customer_balance_params.py', '.venv\Lib\site-packages\stripe\issuing\__init__.py', '.venv\Lib\site-packages\proto\marshal\rules\bytes.py', '.venv\Lib\site-packages\stripe\params\_credit_note_list_params.py', '.venv\Lib\site-packages\PIL\PdfImagePlugin.py', '.venv\Lib\site-packages\stripe\params\_charge_search_params.py', '.venv\Lib\site-packages\stripe\params\terminal\_reader_collect_inputs_params.py', '.venv\Lib\site-packages\stripe\_tax_code_service.py', '.venv\Lib\site-packages\stripe\params\_account_delete_person_params.py', '.venv\Lib\site-packages\reportlab\rl_config.py', '.venv\Lib\site-packages\stripe\params\_setup_intent_cancel_params.py', '.venv\Lib\site-packages\oauthlib\oauth2\rfc6749\grant_types\__init__.py', '.venv\Lib\site-packages\stripe\test_helpers\_treasury_service.py', '.venv\Lib\site-packages\PIL\FpxImagePlugin.py', '.venv\Lib\site-packages\stripe\billing\_meter_service.py', '.venv\Lib\site-packages\stripe\params\_shipping_rate_list_params.py', '.venv\Lib\site-packages\stripe\params\entitlements\_feature_modify_params.py', '.venv\Lib\site-packages\stripe\v2\billing\_meter_event_session_service.py', '.venv\Lib\site-packages\google\protobuf\proto_text.py', '.venv\Lib\site-packages\stripe\_tax_id_service.py', '.venv\Lib\site-packages\stripe\params\issuing\_personalization_design_create_params.py', '.venv\Lib\site-packages\stripe\params\v2\core\_event_list_params.py', '.venv\Lib\site-packages\stripe\params\treasury\_outbound_payment_post_params.py', '.venv\Lib\site-packages\stripe\params\billing\_alert_list_params.py', '.venv\Lib\site-packages\stripe\params\_setup_intent_confirm_params.py', '.venv\Lib\site-packages\stripe\_account_login_link_service.py', '.venv\Lib\site-packages\google\protobuf\text_encoding.py', '.venv\Lib\site-packages\stripe\_customer_payment_source_service.py', '.venv\Lib\site-packages\reportlab\graphics\widgets\eventcal.py', '.venv\Lib\site-packages\stripe\params\treasury\_outbound_transfer_update_params.py', '.venv\Lib\site-packages\requests_oauthlib\compliance_fixes\ebay.py', '.venv\Lib\site-packages\stripe\params\v2\core\_event_destination_retrieve_params.py', '.venv\Lib\site-packages\stripe\checkout\_session_service.py', '.venv\Lib\site-packages\stripe\_search_result_object.py', '.venv\Lib\site-packages\reportlab\lib\abag.py', '.venv\Lib\site-packages\reportlab\pdfgen\pdfimages.py', '.venv\Lib\site-packages\stripe\_dispute.py', '.venv\Lib\site-packages\stripe\params\financial_connections\_account_unsubscribe_params.py', '.venv\Lib\site-packages\reportlab\pdfbase\_fontdata.py', '.venv\Lib\site-packages\reportlab\__init__.py', '.venv\Lib\site-packages\google\api\consumer_pb2.py', '.venv\Lib\site-packages\stripe\params\_customer_balance_transaction_update_params.py', '.venv\Lib\site-packages\stripe\_balance_transaction_service.py', '.venv\Lib\site-packages\stripe\params\test_helpers\issuing\_card_fail_card_params.py', '.venv\Lib\site-packages\stripe\params\terminal\_configuration_retrieve_params.py', '.venv\Lib\site-packages\stripe\_account_session.py', '.venv\Lib\site-packages\stripe\params\test_helpers\issuing\_authorization_respond_params.py', '.venv\Lib\site-packages\stripe\params\issuing\_authorization_retrieve_params.py', '.venv\Lib\site-packages\reportlab\lib\logger.py', '.venv\Lib\site-packages\stripe\events\__init__.py', '.venv\Lib\site-packages\oauthlib\oauth1\__init__.py', '.venv\Lib\site-packages\PIL\TarIO.py', '.venv\Lib\site-packages\stripe\params\tax\_transaction_create_reversal_params.py', '.venv\Lib\site-packages\reportlab\pdfbase\_fontdata_widths_courieroblique.py', '.venv\Lib\site-packages\oauthlib\oauth2\rfc6749\grant_types\refresh_token.py', '.venv\Lib\site-packages\stripe\params\test_helpers\issuing\_card_return_card_params.py', '.venv\Lib\site-packages\stripe\issuing\_card.py', '.venv\Lib\site-packages\stripe\params\v2\core\_event_destination_ping_params.py', '.venv\Lib\site-packages\stripe\_source_transaction.py', '.venv\Lib\site-packages\oauthlib\oauth2\rfc6749\grant_types\base.py', '.venv\Lib\site-packages\stripe\params\issuing\_authorization_expire_params.py', '.venv\Lib\site-packages\stripe\params\_promotion_code_list_params.py', '.venv\Lib\site-packages\stripe\params\_invoice_item_retrieve_params.py', '.venv\Lib\site-packages\stripe\params\sigma\_scheduled_query_run_retrieve_params.py', '.venv\Lib\site-packages\stripe\params\_source_list_source_transactions_params.py', '.venv\Lib\site-packages\jaraco\classes\ancestry.py', '.venv\Lib\site-packages\stripe\params\test_helpers\_confirmation_token_create_params.py', '.venv\Lib\site-packages\stripe\events\_v2_core_account_including_configuration_merchant_updated_event.py', '.venv\Lib\site-packages\stripe\params\issuing\_personalization_design_modify_params.py', '.venv\Lib\site-packages\reportlab\lib\attrmap.py', '.venv\Lib\site-packages\oauthlib\oauth2\rfc6749\endpoints\resource.py', '.venv\Lib\site-packages\requests_oauthlib\oauth1_session.py', '.venv\Lib\site-packages\oauthlib\oauth1\rfc5849\endpoints\request_token.py', '.venv\Lib\site-packages\stripe\events\_v1_billing_meter_error_report_triggered_event.py', '.venv\Lib\site-packages\reportlab\pdfbase\_fontdata_widths_timesbolditalic.py', '.venv\Lib\site-packages\stripe\params\_transfer_create_reversal_params.py', '.venv\Lib\site-packages\stripe\params\_account_retrieve_capability_params.py', '.venv\Lib\site-packages\stripe\_product.py', '.venv\Lib\site-packages\google\api\system_parameter_pb2.py', '.venv\Lib\site-packages\PIL\features.py', '.venv\Lib\site-packages\stripe\params\_setup_intent_list_params.py', '.venv\Lib\site-packages\stripe\_account_person_service.py', '.venv\Lib\site-packages\stripe\params\_tax_id_create_params.py', '.venv\Lib\site-packages\stripe\params\_tax_id_delete_params.py', '.venv\Lib\site-packages\stripe\params\issuing\_personalization_design_deactivate_params.py', '.venv\Lib\site-packages\stripe\params\treasury\_received_credit_create_params.py', '.venv\Lib\site-packages\stripe\params\test_helpers\treasury\_outbound_transfer_fail_params.py', '.venv\Lib\site-packages\stripe\params\_topup_update_params.py', '.venv\Lib\site-packages\stripe\params\identity\_verification_session_update_params.py', '.venv\Lib\site-packages\reportlab\graphics\charts\slidebox.py', '.venv\Lib\site-packages\stripe\params\_event_list_params.py', '.venv\Lib\site-packages\PIL\TiffTags.py', '.venv\Lib\site-packages\stripe\params\entitlements\_feature_retrieve_params.py', '.venv\Lib\site-packages\oauthlib\oauth2\rfc6749\grant_types\authorization_code.py', '.venv\Lib\site-packages\stripe\params\_customer_payment_source_retrieve_params.py', '.venv\Lib\site-packages\stripe\_subscription_service.py', '.venv\Lib\site-packages\stripe\checkout\__init__.py', '.venv\Lib\site-packages\reportlab\graphics\barcode\test.py', '.venv\Lib\site-packages\reportlab\graphics\samples\scatter.py', '.venv\Lib\site-packages\stripe\_request_metrics.py', '.venv\Lib\site-packages\stripe\params\_payout_modify_params.py', '.venv\Lib\site-packages\oauthlib\oauth2\rfc6749\endpoints\pre_configured.py', '.venv\Lib\site-packages\stripe\params\_account_reject_params.py', '.venv\Lib\site-packages\stripe\params\_customer_payment_source_delete_params.py', '.venv\Lib\site-packages\PIL\XpmImagePlugin.py', '.venv\Lib\site-packages\stripe\params\_credit_note_update_params.py', '.venv\Lib\site-packages\stripe\_confirmation_token.py', '.venv\Lib\site-packages\keyring\util\__init__.py', '.venv\Lib\site-packages\stripe\params\_balance_transaction_retrieve_params.py', '.venv\Lib\site-packages\stripe\params\issuing\_card_retrieve_params.py', '.venv\Lib\site-packages\stripe\_updateable_api_resource.py', '.venv\Lib\site-packages\stripe\params\issuing\_dispute_retrieve_params.py', '.venv\Lib\site-packages\stripe\params\radar\_value_list_item_list_params.py', '.venv\Lib\site-packages\PIL\ImageFilter.py', '.venv\Lib\site-packages\jaraco\classes\meta.py', '.venv\Lib\site-packages\reportlab\graphics\samples\__init__.py', '.venv\Lib\site-packages\PIL\ImageDraw.py', '.venv\Lib\site-packages\google\protobuf\reflection.py', '.venv\Lib\site-packages\stripe\oauth_error.py', '.venv\Lib\site-packages\reportlab\lib\styles.py', '.venv\Lib\site-packages\stripe\params\climate\__init__.py', '.venv\Lib\site-packages\stripe\terminal\_configuration.py', '.venv\Lib\site-packages\stripe\params\_credit_note_retrieve_params.py', '.venv\Lib\site-packages\stripe\params\v2\commerce\product_catalog\_import_create_params.py', '.venv\Lib\site-packages\google\api\log_pb2.py', '.venv\Lib\site-packages\stripe\params\_source_update_params.py', '.venv\Lib\site-packages\stripe\params\_credit_note_void_credit_note_params.py', '.venv\Lib\site-packages\stripe\params\issuing\_token_retrieve_params.py', '.venv\Lib\site-packages\stripe\issuing\_token_service.py', '.venv\Lib\site-packages\oauthlib\common.py', '.venv\Lib\site-packages\stripe\_test_helpers_service.py', '.venv\Lib\site-packages\stripe\params\issuing\_physical_bundle_list_params.py', '.venv\Lib\site-packages\stripe\params\_quote_line_item_list_params.py', '.venv\Lib\site-packages\stripe\entitlements\_feature.py', '.venv\Lib\site-packages\stripe\test_helpers\terminal\_reader_service.py', '.venv\Lib\site-packages\stripe\params\_subscription_schedule_update_params.py', '.venv\Lib\site-packages\stripe\params\issuing\_transaction_refund_params.py', '.venv\Lib\site-packages\stripe\tax\_settings.py', '.venv\Lib\site-packages\stripe\params\v2\core\_account_close_params.py', '.venv\Lib\site-packages\jaraco\classes\properties.py', '.venv\Lib\site-packages\stripe\params\_transfer_modify_params.py', '.venv\Lib\site-packages\oauthlib\openid\connect\core\grant_types\hybrid.py', '.venv\Lib\site-packages\stripe\params\_payment_intent_amount_details_line_item_list_params.py', '.venv\Lib\site-packages\stripe\reserve\_release.py', '.venv\Lib\site-packages\stripe\params\_subscription_list_params.py', '.venv\Lib\site-packages\stripe\reporting\_report_type_service.py', '.venv\Lib\site-packages\stripe\params\_topup_retrieve_params.py', '.venv\Lib\site-packages\stripe\terminal\_onboarding_link.py', '.venv\Lib\site-packages\PIL\WalImageFile.py', '.venv\Lib\site-packages\reportlab\rl_settings.py', '.venv\Lib\site-packages\stripe\params\_account_create_person_params.py', '.venv\Lib\site-packages\stripe\params\treasury\_received_credit_list_params.py', '.venv\Lib\site-packages\stripe\financial_connections\_account_service.py', '.venv\Lib\site-packages\stripe\_customer_balance_transaction_service.py', '.venv\Lib\site-packages\google\protobuf\runtime_version.py', '.venv\Lib\site-packages\stripe\params\billing\_meter_event_summary_list_params.py', '.venv\Lib\site-packages\stripe\billing\_alert.py', '.venv\Lib\site-packages\stripe\params\treasury\_outbound_payment_retrieve_params.py', '.venv\Lib\site-packages\stripe\_payment_record.py', '.venv\Lib\site-packages\stripe\params\_customer_retrieve_params.py', '.venv\Lib\site-packages\stripe\params\v2\core\accounts\_person_retrieve_params.py', '.venv\Lib\site-packages\google\api\label_pb2.py', '.venv\Lib\site-packages\stripe\params\billing\__init__.py', '.venv\Lib\site-packages\stripe\_api_requestor.py', '.venv\Lib\site-packages\stripe\params\test_helpers\_test_clock_create_params.py', '.venv\Lib\site-packages\stripe\billing\_meter.py', '.venv\Lib\site-packages\stripe\_tax_rate_service.py', '.venv\Lib\site-packages\stripe\_product_feature.py', '.venv\Lib\site-packages\stripe\billing_portal\_configuration_service.py', '.venv\Lib\site-packages\stripe\params\_tax_code_list_params.py', '.venv\Lib\site-packages\stripe\params\_payment_method_domain_retrieve_params.py', '.venv\Lib\site-packages\stripe\v2\billing\_meter_event_service.py', '.venv\Lib\site-packages\google\protobuf\internal\testing_refleaks.py', '.venv\Lib\site-packages\stripe\params\_application_fee_list_params.py', '.venv\Lib\site-packages\reportlab\graphics\widgets\table.py', '.venv\Lib\site-packages\stripe\billing\_meter_event_summary.py', '.venv\Lib\site-packages\stripe\params\_topup_create_params.py', '.venv\Lib\site-packages\stripe\params\_refund_update_params.py', '.venv\Lib\site-packages\stripe\test_helpers\_confirmation_token_service.py', '.venv\Lib\site-packages\reportlab\graphics\samples\clustered_bar.py', '.venv\Lib\site-packages\oauthlib\oauth1\rfc5849\endpoints\access_token.py', '.venv\Lib\site-packages\stripe\events\_v2_core_account_person_deleted_event.py', '.venv\Lib\site-packages\stripe\_object_classes.py', '.venv\Lib\site-packages\stripe\params\terminal\_location_modify_params.py', '.venv\Lib\site-packages\stripe\params\treasury\_received_credit_retrieve_params.py', '.venv\Lib\site-packages\stripe\entitlements\_active_entitlement.py', '.venv\Lib\site-packages\reportlab\pdfbase\_fontdata_widths_helveticabold.py', '.venv\Lib\site-packages\stripe\params\tax\_transaction_create_from_calculation_params.py', '.venv\Lib\site-packages\stripe\params\treasury\_transaction_retrieve_params.py', '.venv\Lib\site-packages\stripe\billing\_credit_balance_transaction_service.py', '.venv\Lib\site-packages\proto\datetime_helpers.py', '.venv\Lib\site-packages\stripe\params\reporting\_report_run_retrieve_params.py', '.venv\Lib\site-packages\stripe\params\v2\billing\_meter_event_adjustment_create_params.py', '.venv\Lib\site-packages\stripe\params\_invoice_rendering_template_archive_params.py', '.venv\Lib\site-packages\stripe\_setup_intent_service.py', '.venv\Lib\site-packages\stripe\params\_product_delete_params.py', '.venv\Lib\site-packages\stripe\params\treasury\_outbound_payment_cancel_params.py', '.venv\Lib\site-packages\PIL\WebPImagePlugin.py', '.venv\Lib\site-packages\stripe\_tax_code.py', '.venv\Lib\site-packages\stripe\params\_product_feature_list_params.py', '.venv\Lib\site-packages\reportlab\graphics\samples\stacked_bar.py', '.venv\Lib\site-packages\stripe\_oauth.py', '.venv\Lib\site-packages\stripe\v2\billing\__init__.py', '.venv\Lib\site-packages\oauthlib\oauth2\rfc6749\clients\service_application.py', '.venv\Lib\site-packages\stripe\params\_source_retrieve_params.py', '.venv\Lib\site-packages\PIL\MpoImagePlugin.py', '.venv\Lib\site-packages\stripe\params\terminal\_reader_list_params.py', '.venv\Lib\site-packages\stripe\v2\core\__init__.py', '.venv\Lib\site-packages\stripe\params\__init__.py', '.venv\Lib\site-packages\stripe\billing\_credit_balance_summary_service.py', '.venv\Lib\site-packages\PIL\QoiImagePlugin.py', '.venv\Lib\site-packages\google\protobuf\internal\encoder.py', '.venv\Lib\site-packages\PIL\JpegImagePlugin.py', '.venv\Lib\site-packages\stripe\params\terminal\_location_retrieve_params.py', '.venv\Lib\site-packages\reportlab\lib\colors.py', '.venv\Lib\site-packages\stripe\params\billing\_credit_grant_modify_params.py', '.venv\Lib\site-packages\stripe\v2\core\_event_service.py', '.venv\Lib\site-packages\stripe\events\_v2_core_account_link_returned_event.py', '.venv\Lib\site-packages\stripe\params\identity\_verification_session_create_params.py', '.venv\Lib\site-packages\stripe\params\_payment_method_configuration_create_params.py', '.venv\Lib\site-packages\stripe\params\_account_list_persons_params.py', '.venv\Lib\site-packages\stripe\_webhook_endpoint.py', '.venv\Lib\site-packages\stripe\_charge_service.py', '.venv\Lib\site-packages\stripe\params\_refund_list_params.py', '.venv\Lib\site-packages\stripe\radar\_value_list.py', '.venv\Lib\site-packages\stripe\params\_charge_modify_params.py', '.venv\Lib\site-packages\stripe\params\billing\_credit_balance_transaction_list_params.py', '.venv\Lib\site-packages\stripe\params\climate\_order_update_params.py', '.venv\Lib\site-packages\requests_oauthlib\compliance_fixes\plentymarkets.py', '.venv\Lib\site-packages\stripe\events\_v2_core_account_including_configuration_customer_updated_event.py', '.venv\Lib\site-packages\stripe\_account_capability_service.py', '.venv\Lib\site-packages\stripe\params\billing\_alert_retrieve_params.py', '.venv\Lib\site-packages\stripe\params\entitlements\_feature_list_params.py', '.venv\Lib\site-packages\stripe\params\_price_search_params.py', '.venv\Lib\site-packages\oauthlib\oauth2\rfc8628\grant_types\device_code.py', '.venv\Lib\site-packages\stripe\params\_source_verify_params.py', '.venv\Lib\site-packages\google\longrunning\operations_proto.py', '.venv\Lib\site-packages\stripe\params\_coupon_list_params.py', '.venv\Lib\site-packages\google\protobuf\any_pb2.py', '.venv\Lib\site-packages\PIL\BufrStubImagePlugin.py', '.venv\Lib\site-packages\stripe\params\terminal\_reader_update_params.py', '.venv\Lib\site-packages\PIL\SgiImagePlugin.py', '.venv\Lib\site-packages\stripe\params\_credit_note_modify_params.py', '.venv\Lib\site-packages\oauthlib\oauth2\rfc8628\clients\device.py', '.venv\Lib\site-packages\stripe\params\v2\core\_account_create_params.py', '.venv\Lib\site-packages\stripe\params\issuing\_transaction_update_params.py', '.venv\Lib\site-packages\stripe\events\_event_classes.py', '.venv\Lib\site-packages\stripe\params\_account_create_external_account_params.py', '.venv\Lib\site-packages\oauthlib\oauth2\rfc6749\errors.py', '.venv\Lib\site-packages\stripe\params\_apple_pay_domain_delete_params.py', '.venv\Lib\site-packages\keyring\devpi_client.py', '.venv\Lib\site-packages\reportlab\graphics\barcode\qr.py', '.venv\Lib\site-packages\stripe\v2\commerce\__init__.py', '.venv\Lib\site-packages\stripe\test_helpers\__init__.py', '.venv\Lib\site-packages\stripe\test_helpers\_refund_service.py', '.venv\Lib\site-packages\reportlab\pdfbase\cidfonts.py', '.venv\Lib\site-packages\stripe\params\_charge_retrieve_refund_params.py', '.venv\Lib\site-packages\stripe\params\_webhook_endpoint_delete_params.py', '.venv\Lib\site-packages\stripe\params\identity\_verification_session_retrieve_params.py', '.venv\Lib\site-packages\stripe\params\checkout\_session_list_params.py', '.venv\Lib\site-packages\proto\marshal\rules\message.py', '.venv\Lib\site-packages\google\protobuf\json_format.py', '.venv\Lib\site-packages\reportlab\graphics\shapes.py', '.venv\Lib\site-packages\reportlab\lib\geomutils.py', '.venv\Lib\site-packages\stripe\params\_payment_record_retrieve_params.py', '.venv\Lib\site-packages\stripe\params\v2\core\_account_retrieve_params.py', '.venv\Lib\site-packages\stripe\params\tax\_registration_retrieve_params.py', '.venv\Lib\site-packages\google\protobuf\internal\python_edition_defaults.py', '.venv\Lib\site-packages\google\protobuf\descriptor.py', '.venv\Lib\site-packages\stripe\events\_v2_core_account_including_configuration_merchant_capability_status_updated_event.py', '.venv\Lib\site-packages\stripe\params\billing_portal\_configuration_update_params.py', '.venv\Lib\site-packages\stripe\_singleton_api_resource.py', '.venv\Lib\site-packages\keyring\backends\SecretService.py', '.venv\Lib\site-packages\stripe\params\_quote_pdf_params.py', '.venv\Lib\site-packages\stripe\params\treasury\_outbound_payment_fail_params.py', '.venv\Lib\site-packages\google\protobuf\duration.py', '.venv\Lib\site-packages\stripe\params\v2\billing\_meter_event_session_create_params.py', '.venv\Lib\site-packages\reportlab\lib\fontfinder.py', '.venv\Lib\site-packages\stripe\_coupon.py', '.venv\Lib\site-packages\google\protobuf\api_pb2.py', '.venv\Lib\site-packages\stripe\params\_transfer_update_params.py', '.venv\Lib\site-packages\stripe\_stripe_context.py', '.venv\Lib\site-packages\keyring\__main__.py', '.venv\Lib\site-packages\stripe\params\_account_list_capabilities_params.py', '.venv\Lib\site-packages\PIL\_tkinter_finder.py', '.venv\Lib\site-packages\oauthlib\oauth1\rfc5849\parameters.py', '.venv\Lib\site-packages\stripe\params\terminal\_reader_process_setup_intent_params.py', '.venv\Lib\site-packages\stripe\billing\_alert_service.py', '.venv\Lib\site-packages\stripe\params\_customer_tax_id_create_params.py', '.venv\Lib\site-packages\stripe\params\climate\_supplier_list_params.py', '.venv\Lib\site-packages\stripe\params\treasury\_inbound_transfer_cancel_params.py', '.venv\Lib\site-packages\stripe\params\_account_capability_list_params.py', '.venv\Lib\site-packages\stripe\params\billing\_credit_grant_expire_params.py', '.venv\Lib\site-packages\google\protobuf\internal\builder.py', '.venv\Lib\site-packages\stripe\params\reporting\_report_type_retrieve_params.py', '.venv\Lib\site-packages\stripe\terminal\_onboarding_link_service.py', '.venv\Lib\site-packages\stripe\_listable_api_resource.py', '.venv\Lib\site-packages\google\api\usage_pb2.py', '.venv\Lib\site-packages\stripe\params\issuing\_transaction_create_unlinked_refund_params.py', '.venv\Lib\site-packages\stripe\sigma\__init__.py', '.venv\Lib\site-packages\stripe\params\billing_portal\_configuration_create_params.py', '.venv\Lib\site-packages\stripe\_invoice_item_service.py', '.venv\Lib\site-packages\stripe\apps\_secret.py', '.venv\Lib\site-packages\stripe\_transfer_reversal_service.py', '.venv\Lib\site-packages\google\protobuf\internal\message_listener.py', '.venv\Lib\site-packages\oauthlib\oauth1\rfc5849\__init__.py', '.venv\Lib\site-packages\more_itertools\__init__.py', '.venv\Lib\site-packages\stripe\params\_customer_delete_tax_id_params.py', '.venv\Lib\site-packages\stripe\_stripe_response.py', '.venv\Lib\site-packages\stripe\_subscription_schedule.py', '.venv\Lib\site-packages\stripe\billing\_credit_grant.py', '.venv\Lib\site-packages\google\protobuf\internal\wire_format.py', '.venv\Lib\site-packages\stripe\test_helpers\_issuing_service.py', '.venv\Lib\site-packages\oauthlib\oauth1\rfc5849\request_validator.py', '.venv\Lib\site-packages\stripe\params\entitlements\_active_entitlement_retrieve_params.py', '.venv\Lib\site-packages\requests_oauthlib\compliance_fixes\fitbit.py', '.venv\Lib\site-packages\requests_oauthlib\compliance_fixes\mailchimp.py', '.venv\Lib\site-packages\reportlab\graphics\barcode\code39.py', '.venv\Lib\site-packages\stripe\params\_account_person_update_params.py', '.venv\Lib\site-packages\oauthlib\oauth2\rfc8628\__init__.py', '.venv\Lib\site-packages\stripe\params\v2\__init__.py', '.venv\Lib\site-packages\stripe\identity\_verification_report_service.py', '.venv\Lib\site-packages\google\protobuf\descriptor_database.py', '.venv\Lib\site-packages\stripe\billing\_meter_event_service.py', '.venv\Lib\site-packages\stripe\params\v2\commerce\product_catalog\_import_retrieve_params.py', '.venv\Lib\site-packages\google\protobuf\proto_json.py', '.venv\Lib\site-packages\stripe\financial_connections\_session.py', '.venv\Lib\site-packages\stripe\_stripe_service.py', '.venv\Lib\site-packages\stripe\params\_payment_intent_verify_microdeposits_params.py', '.venv\Lib\site-packages\stripe\params\_customer_cash_balance_retrieve_params.py', '.venv\Lib\site-packages\PIL\ImageDraw2.py', '.venv\Lib\site-packages\stripe\params\test_helpers\issuing\_transaction_refund_params.py', '.venv\Lib\site-packages\stripe\params\v2\commerce\product_catalog\__init__.py', '.venv\Lib\site-packages\stripe\params\terminal\_configuration_modify_params.py', '.venv\Lib\site-packages\stripe\billing\_credit_balance_transaction.py', '.venv\Lib\site-packages\stripe\params\treasury\_credit_reversal_create_params.py', '.venv\Lib\site-packages\proto\_file_info.py', '.venv\Lib\site-packages\stripe\issuing\_physical_bundle.py', '.venv\Lib\site-packages\reportlab\pdfbase\rl_codecs.py', '.venv\Lib\site-packages\stripe\_http_client.py', '.venv\Lib\site-packages\stripe\params\tax\_transaction_line_item_list_params.py', '.venv\Lib\site-packages\google\api\routing_pb2.py', '.venv\Lib\site-packages\stripe\_payment_method_domain_service.py', '.venv\Lib\site-packages\stripe\_mandate.py', '.venv\Lib\site-packages\stripe\params\terminal\_configuration_update_params.py', '.venv\Lib\site-packages\stripe\params\_webhook_endpoint_retrieve_params.py', '.venv\Lib\site-packages\stripe\params\test_helpers\terminal\_reader_present_payment_method_params.py', '.venv\Lib\site-packages\PIL\IcoImagePlugin.py', '.venv\Lib\site-packages\reportlab\pdfbase\_fontdata_widths_helveticaboldoblique.py', '.venv\Lib\site-packages\stripe\treasury\_financial_account.py', '.venv\Lib\site-packages\stripe\_stripe_client.py', '.venv\Lib\site-packages\stripe\params\issuing\_physical_bundle_retrieve_params.py', '.venv\Lib\site-packages\stripe\params\_payment_link_list_line_items_params.py', '.venv\Lib\site-packages\stripe\_file_service.py', '.venv\Lib\site-packages\stripe\_invoice_line_item.py', '.venv\Lib\site-packages\PIL\PngImagePlugin.py', '.venv\Lib\site-packages\stripe\params\issuing\_dispute_create_params.py', '.venv\Lib\site-packages\google\api\service_pb2.py', '.venv\Lib\site-packages\stripe\_invoice_rendering_template.py', '.venv\Lib\site-packages\stripe\_base_address.py', '.venv\Lib\site-packages\reportlab\graphics\charts\__init__.py', '.venv\Lib\site-packages\keyring\compat\__init__.py', '.venv\Lib\site-packages\stripe\_ephemeral_key_service.py', '.venv\Lib\site-packages\stripe\params\test_helpers\treasury\_outbound_payment_post_params.py', '.venv\Lib\site-packages\stripe\params\_application_fee_retrieve_refund_params.py', '.venv\Lib\site-packages\oauthlib\oauth2\rfc6749\clients\mobile_application.py', '.venv\Lib\site-packages\stripe\issuing\_token.py', '.venv\Lib\site-packages\PIL\ImageQt.py', '.venv\Lib\site-packages\stripe\_test_helpers.py', '.venv\Lib\site-packages\stripe\_encode.py', '.venv\Lib\site-packages\PIL\BlpImagePlugin.py', '.venv\Lib\site-packages\stripe\params\treasury\_transaction_entry_retrieve_params.py', '.venv\Lib\site-packages\stripe\_source.py', '.venv\Lib\site-packages\google\protobuf\internal\type_checkers.py', '.venv\Lib\site-packages\stripe\tax\_calculation.py', '.venv\Lib\site-packages\stripe\_tax_id.py', '.venv\Lib\site-packages\reportlab\pdfbase\_glyphlist.py', '.venv\Lib\site-packages\stripe\sigma\_scheduled_query_run.py', '.venv\Lib\site-packages\stripe\params\_file_create_params.py', '.venv\Lib\site-packages\stripe\params\tax\_transaction_retrieve_params.py', '.venv\Lib\site-packages\stripe\params\_product_create_params.py', '.venv\Lib\site-packages\google\api\client_pb2.py', '.venv\Lib\site-packages\reportlab\lib\codecharts.py', '.venv\Lib\site-packages\google\type\latlng_pb2.py', '.venv\Lib\site-packages\oauthlib\oauth2\rfc6749\request_validator.py', '.venv\Lib\site-packages\stripe\params\issuing\_personalization_design_update_params.py', '.venv\Lib\site-packages\stripe\params\issuing\_authorization_update_params.py', '.venv\Lib\site-packages\stripe\params\_refund_cancel_params.py', '.venv\Lib\site-packages\stripe\params\radar\_value_list_update_params.py', '.venv\Lib\site-packages\jaraco\context\__init__.py', '.venv\Lib\site-packages\stripe\params\v2\core\accounts\_person_create_params.py', '.venv\Lib\site-packages\stripe\params\test_helpers\_refund_expire_params.py', '.venv\Lib\site-packages\stripe\v2\core\_event_destination_service.py', '.venv\Lib\site-packages\stripe\params\_invoice_line_item_update_params.py', '.venv\Lib\site-packages\stripe\params\_dispute_list_params.py', '.venv\Lib\site-packages\reportlab\graphics\samples\scatter_lines.py', '.venv\Lib\site-packages\stripe\params\financial_connections\_session_create_params.py', '.venv\Lib\site-packages\stripe\_deletable_api_resource.py', '.venv\Lib\site-packages\google\protobuf\message_factory.py', '.venv\Lib\site-packages\stripe\params\_file_list_params.py', '.venv\Lib\site-packages\stripe\params\billing_portal\_configuration_retrieve_params.py', '.venv\Lib\site-packages\stripe\params\treasury\_financial_account_update_params.py', '.venv\Lib\site-packages\stripe\params\_mandate_retrieve_params.py', '.venv\Lib\site-packages\google\api\monitored_resource_pb2.py', '.venv\Lib\site-packages\google\type\localized_text_pb2.py', '.venv\Lib\site-packages\stripe\params\_customer_cash_balance_transaction_retrieve_params.py', '.venv\Lib\site-packages\stripe\_setup_attempt_service.py', '.venv\Lib\site-packages\stripe\v2\commerce\_product_catalog_service.py', '.venv\Lib\site-packages\google\api\httpbody_pb2.py', '.venv\Lib\site-packages\stripe\params\test_helpers\issuing\_transaction_create_unlinked_refund_params.py', '.venv\Lib\site-packages\reportlab\graphics\barcode\ecc200datamatrix.py', '.venv\Lib\site-packages\reportlab\pdfbase\pdfpattern.py', '.venv\Lib\site-packages\stripe\_version.py', '.venv\Lib\site-packages\stripe\params\_customer_tax_id_retrieve_params.py', '.venv\Lib\site-packages\stripe\params\checkout\__init__.py', '.venv\Lib\site-packages\stripe\params\issuing\_card_return_card_params.py', '.venv\Lib\site-packages\google\protobuf\duration_pb2.py', '.venv\Lib\site-packages\stripe\params\_invoice_create_preview_params.py', '.venv\Lib\site-packages\PIL\ImageShow.py', '.venv\Lib\site-packages\stripe\params\_apple_pay_domain_create_params.py', '.venv\Lib\site-packages\stripe\params\_account_retrieve_person_params.py', '.venv\Lib\site-packages\reportlab\lib\rl_safe_eval.py', '.venv\Lib\site-packages\stripe\treasury\_transaction_service.py', '.venv\Lib\site-packages\stripe\_checkout_service.py', '.venv\Lib\site-packages\PIL\PixarImagePlugin.py', '.venv\Lib\site-packages\stripe\params\_subscription_schedule_modify_params.py', '.venv\Lib\site-packages\PIL\_version.py', '.venv\Lib\site-packages\stripe\params\_payment_attempt_record_retrieve_params.py', '.venv\Lib\site-packages\PIL\Jpeg2KImagePlugin.py', '.venv\Lib\site-packages\stripe\params\entitlements\_active_entitlement_list_params.py', '.venv\Lib\site-packages\stripe\billing\__init__.py', '.venv\Lib\site-packages\stripe\params\v2\core\_event_destination_disable_params.py', '.venv\Lib\site-packages\stripe\params\_payment_intent_cancel_params.py', '.venv\Lib\site-packages\stripe\params\test_helpers\treasury\_inbound_transfer_fail_params.py', '.venv\Lib\site-packages\google\api\context_pb2.py', '.venv\Lib\site-packages\google\api\config_change_pb2.py', '.venv\Lib\site-packages\reportlab\lib\PyFontify.py', '.venv\Lib\site-packages\stripe\params\tax\_registration_modify_params.py', '.venv\Lib\site-packages\stripe\params\test_helpers\terminal\__init__.py', '.venv\Lib\site-packages\stripe\_createable_api_resource.py', '.venv\Lib\site-packages\google\longrunning\operations_pb2_grpc.py', '.venv\Lib\site-packages\reportlab\graphics\renderPS.py', '.venv\Lib\site-packages\httplib2\iri2uri.py', '.venv\Lib\site-packages\stripe\climate\__init__.py', '.venv\Lib\site-packages\stripe\params\sigma\__init__.py', '.venv\Lib\site-packages\reportlab\lib\validators.py', '.venv\Lib\site-packages\oauthlib\openid\connect\core\grant_types\implicit.py', '.venv\Lib\site-packages\stripe\_customer_cash_balance_transaction_service.py', '.venv\Lib\site-packages\stripe\params\radar\_value_list_create_params.py', '.venv\Lib\site-packages\stripe\params\test_helpers\_customer_fund_cash_balance_params.py', '.venv\Lib\site-packages\stripe\params\test_helpers\terminal\_reader_timeout_input_collection_params.py', '.venv\Lib\site-packages\stripe\params\_customer_create_params.py', '.venv\Lib\site-packages\stripe\issuing\_physical_bundle_service.py', '.venv\Lib\site-packages\stripe\terminal\_location.py', '.venv\Lib\site-packages\stripe\params\_credit_note_list_lines_params.py', '.venv\Lib\site-packages\stripe\params\_account_persons_params.py', '.venv\Lib\site-packages\stripe\params\_transfer_reversal_update_params.py', '.venv\Lib\site-packages\stripe\params\_account_capability_update_params.py', '.venv\Lib\site-packages\stripe\params\financial_connections\_transaction_retrieve_params.py', '.venv\Lib\site-packages\google\rpc\http_pb2.py', '.venv\Lib\site-packages\stripe\params\_plan_create_params.py', '.venv\Lib\site-packages\stripe\params\billing_portal\__init__.py', '.venv\Lib\site-packages\stripe\params\terminal\_reader_create_params.py', '.venv\Lib\site-packages\stripe\params\_application_fee_refund_retrieve_params.py', '.venv\Lib\site-packages\stripe\params\_transfer_list_params.py', '.venv\Lib\site-packages\stripe\params\_customer_list_cash_balance_transactions_params.py', '.venv\Lib\site-packages\stripe\params\_invoice_line_item_list_params.py', '.venv\Lib\site-packages\stripe\issuing\_transaction_service.py', '.venv\Lib\site-packages\stripe\params\treasury\_inbound_transfer_fail_params.py', '.venv\Lib\site-packages\stripe\params\_invoice_finalize_invoice_params.py', '.venv\Lib\site-packages\stripe\params\_customer_payment_source_list_params.py', '.venv\Lib\site-packages\stripe\params\issuing\_card_modify_params.py', '.venv\Lib\site-packages\stripe\_apps_service.py', '.venv\Lib\site-packages\stripe\params\_invoice_list_params.py', '.venv\Lib\site-packages\stripe\params\_product_list_features_params.py', '.venv\Lib\site-packages\stripe\_payment_method_domain.py', '.venv\Lib\site-packages\stripe\test_helpers\_test_clock_service.py', '.venv\Lib\site-packages\stripe\_token_service.py', '.venv\Lib\site-packages\stripe\params\_account_list_external_accounts_params.py', '.venv\Lib\site-packages\oauthlib\oauth2\rfc8628\endpoints\device_authorization.py', '.venv\Lib\site-packages\stripe\params\_payment_intent_create_params.py', '.venv\Lib\site-packages\stripe\params\_account_retrieve_external_account_params.py', '.venv\Lib\site-packages\PIL\SpiderImagePlugin.py', '.venv\Lib\site-packages\stripe\radar\_early_fraud_warning.py', '.venv\Lib\site-packages\stripe\test_helpers\treasury\__init__.py', '.venv\Lib\site-packages\stripe\params\tax\_registration_create_params.py', '.venv\Lib\site-packages\stripe\params\_token_retrieve_params.py', '.venv\Lib\site-packages\oauthlib\uri_validate.py', '.venv\Lib\site-packages\stripe\params\terminal\_reader_delete_params.py', '.venv\Lib\site-packages\stripe\_payment_link_line_item_service.py', '.venv\Lib\site-packages\stripe\params\_application_fee_list_refunds_params.py', '.venv\Lib\site-packages\stripe\params\_product_search_params.py', '.venv\Lib\site-packages\stripe\params\_plan_update_params.py', '.venv\Lib\site-packages\proto\marshal\marshal.py', '.venv\Lib\site-packages\stripe\treasury\_outbound_transfer_service.py', '.venv\Lib\site-packages\oauthlib\oauth2\rfc8628\endpoints\pre_configured.py', '.venv\Lib\site-packages\oauthlib\oauth2\rfc8628\endpoints\__init__.py', '.venv\Lib\site-packages\stripe\treasury\_transaction.py', '.venv\Lib\site-packages\reportlab\pdfgen\__init__.py', '.venv\Lib\site-packages\stripe\params\_subscription_item_modify_params.py', '.venv\Lib\site-packages\reportlab\pdfbase\__init__.py', '.venv\Lib\site-packages\stripe\financial_connections\_transaction.py', '.venv\Lib\site-packages\oauthlib\oauth2\rfc8628\errors.py', '.venv\Lib\site-packages\stripe\params\issuing\_authorization_respond_params.py', '.venv\Lib\site-packages\reportlab\graphics\transform.py', '.venv\Lib\site-packages\stripe\params\_invoice_update_params.py', '.venv\Lib\site-packages\stripe\_reserve_transaction.py', '.venv\Lib\site-packages\stripe\billing_portal\_configuration.py', '.venv\Lib\site-packages\stripe\issuing\_card_service.py', '.venv\Lib\site-packages\stripe\params\_customer_tax_id_list_params.py', '.venv\Lib\site-packages\stripe\_price.py', '.venv\Lib\site-packages\stripe\params\_customer_modify_source_params.py', '.venv\Lib\site-packages\reportlab\lib\utils.py', '.venv\Lib\site-packages\stripe\_promotion_code.py', '.venv\Lib\site-packages\stripe\events\_v2_core_account_person_created_event.py', '.venv\Lib\site-packages\stripe\treasury\_credit_reversal.py', '.venv\Lib\site-packages\stripe\params\test_helpers\issuing\_authorization_increment_params.py', '.venv\Lib\site-packages\stripe\params\_shipping_rate_retrieve_params.py', '.venv\Lib\site-packages\stripe\params\treasury\_outbound_payment_list_params.py', '.venv\Lib\site-packages\reportlab\graphics\barcode\usps4s.py', '.venv\Lib\site-packages\google\protobuf\empty_pb2.py', '.venv\Lib\site-packages\stripe\params\_invoice_payment_list_params.py', '.venv\Lib\site-packages\proto\modules.py', '.venv\Lib\site-packages\stripe\_application_fee_refund_service.py', '.venv\Lib\site-packages\reportlab\platypus\doctemplate.py', '.venv\Lib\site-packages\reportlab\graphics\samples\clustered_column.py', '.venv\Lib\site-packages\stripe\params\_topup_modify_params.py', '.venv\Lib\site-packages\stripe\events\_v2_commerce_product_catalog_imports_succeeded_event.py', '.venv\Lib\site-packages\PIL\Image.py', '.venv\Lib\site-packages\PIL\ImageFont.py', '.venv\Lib\site-packages\stripe\params\_transfer_modify_reversal_params.py', '.venv\Lib\site-packages\reportlab\graphics\samples\linechart_with_markers.py', '.venv\Lib\site-packages\oauthlib\__init__.py', '.venv\Lib\site-packages\stripe\params\_charge_create_params.py', '.venv\Lib\site-packages\stripe\radar\_payment_evaluation_service.py', '.venv\Lib\site-packages\stripe\params\_product_feature_delete_params.py', '.venv\Lib\site-packages\reportlab\graphics\charts\legends.py', '.venv\Lib\site-packages\stripe\params\issuing\_personalization_design_retrieve_params.py', '.venv\Lib\site-packages\stripe\billing\_meter_event_adjustment_service.py', '.venv\Lib\site-packages\reportlab\platypus\frames.py', '.venv\Lib\site-packages\stripe\params\_transfer_reversal_retrieve_params.py', '.venv\Lib\site-packages\stripe\treasury\_outbound_payment_service.py', '.venv\Lib\site-packages\stripe\params\issuing\_token_update_params.py', '.venv\Lib\site-packages\proto\version.py', '.venv\Lib\site-packages\stripe\params\_payment_method_configuration_modify_params.py', '.venv\Lib\site-packages\stripe\params\_price_list_params.py', '.venv\Lib\site-packages\stripe\tax\_registration_service.py', '.venv\Lib\site-packages\keyring\cli.py', '.venv\Lib\site-packages\stripe\v2\_commerce_service.py', '.venv\Lib\site-packages\stripe\_payment_record_service.py', '.venv\Lib\site-packages\keyring\backend.py', '.venv\Lib\site-packages\stripe\params\_customer_delete_params.py', '.venv\Lib\site-packages\stripe\_payment_intent_amount_details_line_item_service.py', '.venv\Lib\site-packages\stripe\params\_quote_create_params.py', '.venv\Lib\site-packages\stripe\_v2_services.py', '.venv\Lib\site-packages\stripe\params\_payment_link_retrieve_params.py', '.venv\Lib\site-packages\stripe\tax\_transaction_line_item_service.py', '.venv\Lib\site-packages\stripe\_connect_collection_transfer.py', '.venv\Lib\site-packages\stripe\params\_account_modify_person_params.py', '.venv\Lib\site-packages\stripe\params\climate\_order_retrieve_params.py', '.venv\Lib\site-packages\google\protobuf\internal\api_implementation.py', '.venv\Lib\site-packages\stripe\params\_account_link_create_params.py', '.venv\Lib\site-packages\stripe\params\_shipping_rate_modify_params.py', '.venv\Lib\site-packages\stripe\params\terminal\_onboarding_link_create_params.py', '.venv\Lib\site-packages\stripe\params\v2\core\accounts\__init__.py', '.venv\Lib\site-packages\proto\marshal\rules\stringy_numbers.py', '.venv\Lib\site-packages\stripe\financial_connections\_account_owner.py', '.venv\Lib\site-packages\oauthlib\openid\connect\core\endpoints\__init__.py', '.venv\Lib\site-packages\stripe\params\terminal\_location_update_params.py', '.venv\Lib\site-packages\google\protobuf\proto_builder.py', '.venv\Lib\site-packages\reportlab\pdfbase\_fontdata_enc_zapfdingbats.py', '.venv\Lib\site-packages\stripe\treasury\_credit_reversal_service.py', '.venv\Lib\site-packages\stripe\params\_plan_retrieve_params.py', '.venv\Lib\site-packages\oauthlib\oauth2\__init__.py', '.venv\Lib\site-packages\stripe\params\treasury\_received_debit_list_params.py', '.venv\Lib\site-packages\stripe\params\treasury\_outbound_transfer_cancel_params.py', '.venv\Lib\site-packages\stripe\events\_v2_core_account_person_updated_event.py', '.venv\Lib\site-packages\stripe\identity\_verification_report.py', '.venv\Lib\site-packages\stripe\params\climate\_product_list_params.py', '.venv\Lib\site-packages\keyring\backends\chainer.py', '.venv\Lib\site-packages\stripe\_app_info.py', '.venv\Lib\site-packages\stripe\params\v2\billing\_meter_event_stream_create_params.py', '.venv\Lib\site-packages\stripe\test_helpers\issuing\_transaction_service.py', '.venv\Lib\site-packages\stripe\params\checkout\_session_update_params.py', '.venv\Lib\site-packages\stripe\params\_product_delete_feature_params.py', '.venv\Lib\site-packages\stripe\params\_card_delete_params.py', '.venv\Lib\site-packages\stripe\_login_link.py', '.venv\Lib\site-packages\stripe\params\_payout_list_params.py', '.venv\Lib\site-packages\stripe\params\_subscription_item_create_params.py', '.venv\Lib\site-packages\stripe\issuing\_personalization_design_service.py', '.venv\Lib\site-packages\stripe\params\_customer_retrieve_source_params.py', '.venv\Lib\site-packages\stripe\params\test_helpers\issuing\__init__.py', '.venv\Lib\site-packages\stripe\params\financial_connections\__init__.py', '.venv\Lib\site-packages\stripe\params\issuing\_authorization_approve_params.py', '.venv\Lib\site-packages\stripe\params\_customer_cash_balance_update_params.py', '.venv\Lib\site-packages\oauthlib\openid\connect\core\exceptions.py', '.venv\Lib\site-packages\stripe\_payment_attempt_record.py', '.venv\Lib\site-packages\PIL\ImageText.py', '.venv\Lib\site-packages\stripe\params\radar\_value_list_retrieve_params.py', '.venv\Lib\site-packages\reportlab\graphics\widgetbase.py', '.venv\Lib\site-packages\stripe\params\billing\_credit_grant_retrieve_params.py', '.venv\Lib\site-packages\stripe\params\_quote_list_params.py', '.venv\Lib\site-packages\stripe\radar\_value_list_item_service.py', '.venv\Lib\site-packages\stripe\params\_confirmation_token_create_params.py', '.venv\Lib\site-packages\google\type\calendar_period_pb2.py', '.venv\Lib\site-packages\stripe\params\tax\_settings_update_params.py', '.venv\Lib\site-packages\oauthlib\openid\connect\core\endpoints\userinfo.py', '.venv\Lib\site-packages\stripe\_product_service.py', '.venv\Lib\site-packages\stripe\params\_payment_record_report_payment_params.py', '.venv\Lib\site-packages\stripe\radar\_value_list_service.py', '.venv\Lib\site-packages\stripe\_forwarding_service.py', '.venv\Lib\site-packages\stripe\params\entitlements\_feature_create_params.py', '.venv\Lib\site-packages\PIL\GdImageFile.py', '.venv\Lib\site-packages\stripe\params\v2\billing\__init__.py', '.venv\Lib\site-packages\stripe\_file_link_service.py', '.venv\Lib\site-packages\stripe\treasury\_inbound_transfer.py', '.venv\Lib\site-packages\reportlab\pdfgen\pathobject.py', '.venv\Lib\site-packages\oauthlib\oauth2\rfc6749\grant_types\implicit.py', '.venv\Lib\site-packages\stripe\params\_subscription_create_params.py', '.venv\Lib\site-packages\stripe\params\test_helpers\issuing\_authorization_expire_params.py', '.venv\Lib\site-packages\stripe\v2\billing\_meter_event_adjustment_service.py', '.venv\Lib\site-packages\PIL\PcfFontFile.py', '.venv\Lib\site-packages\google\protobuf\compiler\__init__.py', '.venv\Lib\site-packages\stripe\_oauth_service.py', '.venv\Lib\site-packages\stripe\params\v2\core\_event_destination_update_params.py', '.venv\Lib\site-packages\stripe\params\issuing\_token_modify_params.py', '.venv\Lib\site-packages\oauthlib\openid\connect\core\__init__.py', '.venv\Lib\site-packages\stripe\params\terminal\_reader_timeout_input_collection_params.py', '.venv\Lib\site-packages\stripe\params\_customer_retrieve_balance_transaction_params.py', '.venv\Lib\site-packages\stripe\_verify_mixin.py', '.venv\Lib\site-packages\stripe\tax\_calculation_line_item_service.py', '.venv\Lib\site-packages\PIL\CurImagePlugin.py', '.venv\Lib\site-packages\stripe\params\_dispute_update_params.py', '.venv\Lib\site-packages\PIL\XVThumbImagePlugin.py', '.venv\Lib\site-packages\stripe\params\treasury\_received_debit_create_params.py', '.venv\Lib\site-packages\stripe\v2\core\_account_person.py', '.venv\Lib\site-packages\reportlab\pdfbase\acroform.py', '.venv\Lib\site-packages\PIL\GribStubImagePlugin.py', '.venv\Lib\site-packages\reportlab\platypus\tables.py', '.venv\Lib\site-packages\proto\marshal\rules\field_mask.py', '.venv\Lib\site-packages\stripe\params\_payment_link_list_params.py', '.venv\Lib\site-packages\oauthlib\oauth2\rfc6749\endpoints\authorization.py', '.venv\Lib\site-packages\stripe\test_helpers\_terminal_service.py', '.venv\Lib\site-packages\oauthlib\oauth2\rfc6749\endpoints\__init__.py', '.venv\Lib\site-packages\reportlab\graphics\charts\areas.py', '.venv\Lib\site-packages\reportlab\platypus\figures.py', '.venv\Lib\site-packages\reportlab\platypus\tableofcontents.py', '.venv\Lib\site-packages\reportlab\graphics\renderbase.py', '.venv\Lib\site-packages\stripe\params\_refund_expire_params.py', '.venv\Lib\site-packages\stripe\params\_transfer_list_reversals_params.py', '.venv\Lib\site-packages\stripe\billing\_credit_grant_service.py', '.venv\Lib\site-packages\stripe\params\billing\_meter_deactivate_params.py', '.venv\Lib\site-packages\stripe\params\_transfer_create_params.py', '.venv\Lib\site-packages\oauthlib\oauth2\rfc6749\parameters.py', '.venv\Lib\site-packages\stripe\params\financial_connections\_account_refresh_account_params.py', '.venv\Lib\site-packages\stripe\params\tax\_calculation_create_params.py', '.venv\Lib\site-packages\stripe\params\_invoice_item_update_params.py', '.venv\Lib\site-packages\stripe\params\treasury\_financial_account_close_params.py', '.venv\Lib\site-packages\stripe\params\_invoice_remove_lines_params.py', '.venv\Lib\site-packages\stripe\events\_v2_core_account_created_event.py', '.venv\Lib\site-packages\reportlab\graphics\samples\line_chart.py', '.venv\Lib\site-packages\stripe\_api_version.py', '.venv\Lib\site-packages\stripe\_invoice_payment_service.py', '.venv\Lib\site-packages\stripe\params\terminal\_configuration_list_params.py', '.venv\Lib\site-packages\stripe\params\climate\_order_modify_params.py', '.venv\Lib\site-packages\stripe\v2\_deleted_object.py', '.venv\Lib\site-packages\stripe\params\treasury\_outbound_payment_update_params.py', '.venv\Lib\site-packages\stripe\params\terminal\_reader_cancel_action_params.py', '.venv\Lib\site-packages\oauthlib\oauth2\rfc6749\__init__.py', '.venv\Lib\site-packages\stripe\params\_application_fee_retrieve_params.py', '.venv\Lib\site-packages\stripe\test_helpers\issuing\_authorization_service.py', '.venv\Lib\site-packages\stripe\_topup.py', '.venv\Lib\site-packages\reportlab\pdfgen\pdfgeom.py', '.venv\Lib\site-packages\reportlab\lib\units.py', '.venv\Lib\site-packages\oauthlib\oauth1\rfc5849\endpoints\authorization.py', '.venv\Lib\site-packages\reportlab\pdfbase\_fontdata_enc_pdfdoc.py', '.venv\Lib\site-packages\reportlab\platypus\paragraph.py', '.venv\Lib\site-packages\stripe\params\_application_fee_create_refund_params.py', '.venv\Lib\site-packages\stripe\apps\_secret_service.py', '.venv\Lib\site-packages\PIL\FontFile.py', '.venv\Lib\site-packages\stripe\params\identity\_verification_session_cancel_params.py', '.venv\Lib\site-packages\PIL\PcdImagePlugin.py', '.venv\Lib\site-packages\stripe\params\test_helpers\treasury\_received_credit_create_params.py', '.venv\Lib\site-packages\stripe\params\_customer_session_create_params.py', '.venv\Lib\site-packages\stripe\params\issuing\_authorization_increment_params.py', '.venv\Lib\site-packages\oauthlib\oauth2\rfc6749\clients\web_application.py', '.venv\Lib\site-packages\requests_oauthlib\oauth2_auth.py', '.venv\Lib\site-packages\stripe\forwarding\__init__.py', '.venv\Lib\site-packages\stripe\params\issuing\_authorization_capture_params.py', '.venv\Lib\site-packages\reportlab\lib\arciv.py', '.venv\Lib\site-packages\stripe\_ephemeral_key.py', '.venv\Lib\site-packages\stripe\issuing\_personalization_design.py', '.venv\Lib\site-packages\stripe\params\forwarding\__init__.py', '.venv\Lib\site-packages\stripe\sigma\_scheduled_query_run_service.py', '.venv\Lib\site-packages\stripe\radar\_early_fraud_warning_service.py', '.venv\Lib\site-packages\stripe\params\_file_link_list_params.py', '.venv\Lib\site-packages\reportlab\graphics\samples\stacked_column.py', '.venv\Lib\site-packages\stripe\params\test_helpers\treasury\_received_debit_create_params.py', '.venv\Lib\site-packages\stripe\__init__.py', '.venv\Lib\site-packages\stripe\_invoice_service.py', '.venv\Lib\site-packages\stripe\params\_invoice_create_params.py', '.venv\Lib\site-packages\stripe\params\issuing\_authorization_decline_params.py', '.venv\Lib\site-packages\stripe\params\radar\_value_list_item_create_params.py', '.venv\Lib\site-packages\stripe\params\_webhook_endpoint_list_params.py', '.venv\Lib\site-packages\stripe\params\_customer_create_source_params.py', '.venv\Lib\site-packages\google\protobuf\internal\python_message.py', '.venv\Lib\site-packages\stripe\params\_payment_record_report_payment_attempt_failed_params.py', '.venv\Lib\site-packages\stripe\params\billing_portal\_configuration_list_params.py', '.venv\Lib\site-packages\stripe\_subscription_item.py', '.venv\Lib\site-packages\PIL\GimpPaletteFile.py', '.venv\Lib\site-packages\google\type\color_pb2.py', '.venv\Lib\site-packages\reportlab\pdfbase\_cidfontdata.py', '.venv\Lib\site-packages\stripe\radar\_value_list_item.py', '.venv\Lib\site-packages\stripe\params\_payment_intent_retrieve_params.py', '.venv\Lib\site-packages\stripe\params\_account_session_create_params.py', '.venv\Lib\site-packages\stripe\params\_payment_attempt_record_list_params.py', '.venv\Lib\site-packages\stripe\_confirmation_token_service.py', '.venv\Lib\site-packages\reportlab\graphics\charts\markers.py', '.venv\Lib\site-packages\stripe\terminal\_connection_token_service.py', '.venv\Lib\site-packages\stripe\params\_payment_method_modify_params.py', '.venv\Lib\site-packages\stripe\params\treasury\__init__.py', '.venv\Lib\site-packages\reportlab\graphics\svgpath.py', '.venv\Lib\site-packages\reportlab\graphics\samples\scatter_lines_markers.py', '.venv\Lib\site-packages\stripe\params\_application_fee_refund_create_params.py', '.venv\Lib\site-packages\stripe\params\_transfer_retrieve_params.py', '.venv\Lib\site-packages\stripe\params\_customer_list_params.py', '.venv\Lib\site-packages\stripe\params\_refund_modify_params.py', '.venv\Lib\site-packages\stripe\params\_quote_cancel_params.py', '.venv\Lib\site-packages\stripe\params\issuing\_card_fail_card_params.py', '.venv\Lib\site-packages\stripe\params\billing\_alert_archive_params.py', '.venv\Lib\site-packages\stripe\params\_coupon_modify_params.py', '.venv\Lib\site-packages\stripe\_coupon_service.py', '.venv\Lib\site-packages\stripe\test_helpers\treasury\_outbound_transfer_service.py', '.venv\Lib\site-packages\google\rpc\context\audit_context_pb2.py', '.venv\Lib\site-packages\stripe\params\_customer_funding_instructions_create_params.py', '.venv\Lib\site-packages\stripe\params\_balance_settings_retrieve_params.py', '.venv\Lib\site-packages\stripe\params\terminal\_reader_present_payment_method_params.py', '.venv\Lib\site-packages\stripe\params\_payment_method_update_params.py', '.venv\Lib\site-packages\stripe\_invoice_rendering_template_service.py', '.venv\Lib\site-packages\stripe\_invoice_payment.py', '.venv\Lib\site-packages\keyring\compat\properties.py', '.venv\Lib\site-packages\stripe\_account_session_service.py', '.venv\Lib\site-packages\stripe\params\issuing\_card_create_params.py', '.venv\Lib\site-packages\stripe\params\treasury\_financial_account_features_update_params.py', '.venv\Lib\site-packages\oauthlib\oauth1\rfc5849\signature.py', '.venv\Lib\site-packages\reportlab\lib\rltempfile.py', '.venv\Lib\site-packages\stripe\params\_charge_capture_params.py', '.venv\Lib\site-packages\stripe\params\treasury\_credit_reversal_list_params.py', '.venv\Lib\site-packages\reportlab\lib\pdfencrypt.py', '.venv\Lib\site-packages\reportlab\graphics\samples\filled_radar.py', '.venv\Lib\site-packages\stripe\params\_transfer_retrieve_reversal_params.py', '.venv\Lib\site-packages\stripe\params\billing\_meter_reactivate_params.py', '.venv\Lib\site-packages\PIL\ImageWin.py', '.venv\Lib\site-packages\stripe\params\_payment_method_domain_modify_params.py', '.venv\Lib\site-packages\PIL\ImImagePlugin.py', '.venv\Lib\site-packages\stripe\params\_subscription_item_update_params.py', '.venv\Lib\site-packages\keyring\completion.py', '.venv\Lib\site-packages\stripe\params\_customer_payment_method_list_params.py', '.venv\Lib\site-packages\stripe\_payment_intent_service.py', '.venv\Lib\site-packages\stripe\params\_account_delete_external_account_params.py', '.venv\Lib\site-packages\stripe\params\treasury\_debit_reversal_list_params.py', '.venv\Lib\site-packages\stripe\params\test_helpers\issuing\_card_deliver_card_params.py', '.venv\Lib\site-packages\stripe\v2\core\_account.py', '.venv\Lib\site-packages\stripe\params\_payment_record_report_payment_attempt_informational_params.py', '.venv\Lib\site-packages\stripe\params\issuing\_cardholder_modify_params.py', '.venv\Lib\site-packages\stripe\params\v2\core\accounts\_person_update_params.py', '.venv\Lib\site-packages\requests_oauthlib\compliance_fixes\instagram.py', '.venv\Lib\site-packages\stripe\params\_setup_intent_retrieve_params.py', '.venv\Lib\site-packages\stripe\params\_customer_balance_transaction_list_params.py', '.venv\Lib\site-packages\stripe\params\_account_delete_params.py', '.venv\Lib\site-packages\stripe\params\test_helpers\issuing\_authorization_finalize_amount_params.py', '.venv\Lib\site-packages\google\api\policy_pb2.py', '.venv\Lib\site-packages\stripe\params\_payment_intent_update_params.py', '.venv\Lib\site-packages\stripe\params\treasury\_inbound_transfer_return_inbound_transfer_params.py', '.venv\Lib\site-packages\stripe\params\_credit_note_create_params.py', '.venv\Lib\site-packages\stripe\events\_v2_core_event_destination_ping_event.py', '.venv\Lib\site-packages\stripe\params\apps\__init__.py', '.venv\Lib\site-packages\stripe\v2\core\accounts\_person_token_service.py', '.venv\Lib\site-packages\stripe\params\_balance_settings_modify_params.py', '.venv\Lib\site-packages\oauthlib\oauth2\rfc6749\endpoints\token.py', '.venv\Lib\site-packages\PIL\ImageCms.py', '.venv\Lib\site-packages\stripe\issuing\_authorization.py', '.venv\Lib\site-packages\google\type\decimal_pb2.py', '.venv\Lib\site-packages\stripe\params\treasury\_credit_reversal_retrieve_params.py', '.venv\Lib\site-packages\stripe\_account_external_account_service.py', '.venv\Lib\site-packages\stripe\params\_tax_rate_create_params.py', '.venv\Lib\site-packages\stripe\tax\_calculation_line_item.py', '.venv\Lib\site-packages\stripe\params\test_helpers\__init__.py', '.venv\Lib\site-packages\stripe\params\issuing\_transaction_retrieve_params.py', '.venv\Lib\site-packages\stripe\params\_topup_list_params.py', '.venv\Lib\site-packages\stripe\params\_charge_list_refunds_params.py', '.venv\Lib\site-packages\stripe\_credit_note_line_item_service.py', '.venv\Lib\site-packages\requests_oauthlib\oauth2_session.py', '.venv\Lib\site-packages\stripe\_refund_service.py', '.venv\Lib\site-packages\google\longrunning\operations_grpc_pb2.py', '.venv\Lib\site-packages\stripe\params\terminal\_reader_set_reader_display_params.py', '.venv\Lib\site-packages\stripe\params\test_helpers\issuing\_personalization_design_activate_params.py', '.venv\Lib\site-packages\stripe\params\v2\core\_account_token_create_params.py', '.venv\Lib\site-packages\stripe\params\_payment_method_configuration_retrieve_params.py', '.venv\Lib\site-packages\stripe\params\_invoice_item_modify_params.py', '.venv\Lib\site-packages\stripe\_event.py', '.venv\Lib\site-packages\stripe\params\financial_connections\_account_list_owners_params.py', '.venv\Lib\site-packages\stripe\financial_connections\_account_ownership.py', '.venv\Lib\site-packages\stripe\_customer_cash_balance_transaction.py', '.venv\Lib\site-packages\oauthlib\oauth2\rfc6749\grant_types\resource_owner_password_credentials.py', '.venv\Lib\site-packages\stripe\params\_bank_account_delete_params.py', '.venv\Lib\site-packages\stripe\params\_payment_intent_modify_params.py', '.venv\Lib\site-packages\keyring\compat\py312.py', '.venv\Lib\site-packages\stripe\v2\core\_account_person_token.py', '.venv\Lib\site-packages\stripe\params\treasury\_outbound_transfer_post_params.py', '.venv\Lib\site-packages\reportlab\lib\boxstuff.py', '.venv\Lib\site-packages\stripe\params\_customer_delete_source_params.py', '.venv\Lib\site-packages\stripe\treasury\__init__.py', '.venv\Lib\site-packages\stripe\params\forwarding\_request_create_params.py', '.venv\Lib\site-packages\stripe\_quote_line_item_service.py', '.venv\Lib\site-packages\stripe\treasury\_financial_account_features_service.py', '.venv\Lib\site-packages\stripe\params\_file_link_create_params.py', '.venv\Lib\site-packages\stripe\params\billing_portal\_session_create_params.py', '.venv\Lib\site-packages\stripe\params\_credit_note_line_item_list_params.py', '.venv\Lib\site-packages\stripe\financial_connections\_account_owner_service.py', '.venv\Lib\site-packages\stripe\_line_item.py', '.venv\Lib\site-packages\PIL\FtexImagePlugin.py', '.venv\Lib\site-packages\stripe\params\_customer_retrieve_cash_balance_transaction_params.py', '.venv\Lib\site-packages\stripe\params\_balance_transaction_list_params.py', '.venv\Lib\site-packages\stripe\params\test_helpers\issuing\_personalization_design_reject_params.py', '.venv\Lib\site-packages\stripe\params\_subscription_item_retrieve_params.py', '.venv\Lib\site-packages\stripe\params\radar\_value_list_delete_params.py', '.venv\Lib\site-packages\stripe\params\_payout_retrieve_params.py', '.venv\Lib\site-packages\stripe\params\issuing\_transaction_create_force_capture_params.py', '.venv\Lib\site-packages\stripe\params\identity\__init__.py', '.venv\Lib\site-packages\stripe\treasury\_debit_reversal.py', '.venv\Lib\site-packages\stripe\treasury\_received_credit.py', '.venv\Lib\site-packages\stripe\params\_setup_attempt_list_params.py', '.venv\Lib\site-packages\reportlab\platypus\multicol.py', '.venv\Lib\site-packages\stripe\params\_file_retrieve_params.py', '.venv\Lib\site-packages\stripe\params\issuing\_personalization_design_activate_params.py', '.venv\Lib\site-packages\stripe\_token.py', '.venv\Lib\site-packages\stripe\params\_payment_intent_capture_params.py', '.venv\Lib\site-packages\stripe\params\_account_person_create_params.py', '.venv\Lib\site-packages\stripe\params\terminal\_reader_process_payment_intent_params.py', '.venv\Lib\site-packages\stripe\params\_customer_delete_discount_params.py', '.venv\Lib\site-packages\stripe\params\_payment_intent_list_params.py', '.venv\Lib\site-packages\google\protobuf\source_context_pb2.py', '.venv\Lib\site-packages\google\protobuf\internal\__init__.py', '.venv\Lib\site-packages\stripe\params\_promotion_code_retrieve_params.py', '.venv\Lib\site-packages\stripe\params\_credit_note_preview_lines_params.py', '.venv\Lib\site-packages\stripe\_application_fee_service.py', '.venv\Lib\site-packages\stripe\v2\core\_event_destination.py', '.venv\Lib\site-packages\requests_oauthlib\compliance_fixes\douban.py', '.venv\Lib\site-packages\stripe\issuing\_dispute.py', '.venv\Lib\site-packages\google\protobuf\message.py', '.venv\Lib\site-packages\stripe\tax\__init__.py', '.venv\Lib\site-packages\stripe\params\_quote_list_computed_upfront_line_items_params.py', '.venv\Lib\site-packages\stripe\params\test_helpers\treasury\_outbound_transfer_return_outbound_transfer_params.py', '.venv\Lib\site-packages\stripe\params\issuing\_dispute_submit_params.py', '.venv\Lib\site-packages\reportlab\graphics\testdrawings.py', '.venv\Lib\site-packages\reportlab\graphics\charts\linecharts.py', '.venv\Lib\site-packages\stripe\params\issuing\_personalization_design_list_params.py', '.venv\Lib\site-packages\stripe\params\terminal\_reader_succeed_input_collection_params.py', '.venv\Lib\site-packages\reportlab\platypus\__init__.py', '.venv\Lib\site-packages\keyring\backends\libsecret.py', '.venv\Lib\site-packages\stripe\params\treasury\_financial_account_modify_params.py', '.venv\Lib\site-packages\stripe\params\issuing\_authorization_list_params.py', '.venv\Lib\site-packages\google\protobuf\timestamp_pb2.py', '.venv\Lib\site-packages\PIL\FitsImagePlugin.py', '.venv\Lib\site-packages\reportlab\graphics\samples\runall.py', '.venv\Lib\site-packages\more_itertools\recipes.py', '.venv\Lib\site-packages\stripe\events\_v2_core_account_including_defaults_updated_event.py', '.venv\Lib\site-packages\google\protobuf\timestamp.py', '.venv\Lib\site-packages\stripe\_cash_balance.py', '.venv\Lib\site-packages\httplib2\decode.py', '.venv\Lib\site-packages\stripe\params\_subscription_migrate_params.py', '.venv\Lib\site-packages\stripe\params\reporting\_report_run_list_params.py', '.venv\Lib\site-packages\stripe\forwarding\_request.py', '.venv\Lib\site-packages\google\rpc\code_pb2.py', '.venv\Lib\site-packages\stripe\test_helpers\treasury\_inbound_transfer_service.py', '.venv\Lib\site-packages\stripe\params\_refund_create_params.py', '.venv\Lib\site-packages\stripe\_setup_attempt.py', '.venv\Lib\site-packages\reportlab\lib\rl_accel.py', '.venv\Lib\site-packages\stripe\params\treasury\_outbound_transfer_fail_params.py', '.venv\Lib\site-packages\stripe\params\apps\_secret_create_params.py', '.venv\Lib\site-packages\stripe\climate\_product.py', '.venv\Lib\site-packages\stripe\params\v2\commerce\product_catalog\_import_list_params.py', '.venv\Lib\site-packages\stripe\_application_fee.py', '.venv\Lib\site-packages\stripe\params\_review_retrieve_params.py', '.venv\Lib\site-packages\stripe\params\billing\_meter_retrieve_params.py', '.venv\Lib\site-packages\stripe\params\_invoice_send_invoice_params.py', '.venv\Lib\site-packages\stripe\test_helpers\_customer_service.py', '.venv\Lib\site-packages\stripe\params\test_helpers\issuing\_authorization_capture_params.py', '.venv\Lib\site-packages\stripe\issuing\_authorization_service.py', '.venv\Lib\site-packages\proto\message.py', '.venv\Lib\site-packages\stripe\params\treasury\_outbound_transfer_create_params.py', '.venv\Lib\site-packages\stripe\params\identity\_verification_report_retrieve_params.py', '.venv\Lib\site-packages\stripe\params\test_helpers\treasury\_outbound_payment_fail_params.py', '.venv\Lib\site-packages\google\type\money_pb2.py', '.venv\Lib\site-packages\stripe\params\issuing\_transaction_list_params.py', '.venv\Lib\site-packages\stripe\_file_link.py', '.venv\Lib\site-packages\stripe\params\_customer_balance_transaction_retrieve_params.py', '.venv\Lib\site-packages\stripe\_country_spec_service.py', '.venv\Lib\site-packages\google\cloud\location\locations_pb2.py', '.venv\Lib\site-packages\stripe\reserve\_plan.py', '.venv\Lib\site-packages\stripe\params\_customer_tax_id_delete_params.py', '.venv\Lib\site-packages\stripe\_balance_service.py', '.venv\Lib\site-packages\stripe\financial_connections\_transaction_service.py', '.venv\Lib\site-packages\stripe\params\test_helpers\treasury\_outbound_transfer_update_params.py', '.venv\Lib\site-packages\requests_oauthlib\__init__.py', '.venv\Lib\site-packages\google\type\datetime_pb2.py', '.venv\Lib\site-packages\stripe\v2\__init__.py', '.venv\Lib\site-packages\stripe\params\_account_capability_retrieve_params.py', '.venv\Lib\site-packages\stripe\params\_application_fee_refund_params.py', '.venv\Lib\site-packages\stripe\params\billing\_alert_deactivate_params.py', '.venv\Lib\site-packages\stripe\identity\_verification_session.py', '.venv\Lib\site-packages\stripe\params\_invoice_update_lines_params.py', '.venv\Lib\site-packages\stripe\tax\_settings_service.py', '.venv\Lib\site-packages\stripe\_invoice_item.py', '.venv\Lib\site-packages\oauthlib\openid\connect\core\request_validator.py', '.venv\Lib\site-packages\stripe\params\_tax_id_retrieve_params.py', '.venv\Lib\site-packages\stripe\params\_setup_intent_update_params.py', '.venv\Lib\site-packages\stripe\params\_account_update_params.py', '.venv\Lib\site-packages\stripe\params\billing\_meter_list_event_summaries_params.py', '.venv\Lib\site-packages\stripe\params\_promotion_code_update_params.py', '.venv\Lib\site-packages\stripe\climate\_supplier_service.py', '.venv\Lib\site-packages\stripe\params\_account_external_account_create_params.py', '.venv\Lib\site-packages\proto\marshal\collections\maps.py', '.venv\Lib\site-packages\stripe\params\billing_portal\_configuration_modify_params.py', '.venv\Lib\site-packages\stripe\_balance.py', '.venv\Lib\site-packages\stripe\_topup_service.py', '.venv\Lib\site-packages\stripe\params\_customer_create_balance_transaction_params.py', '.venv\Lib\site-packages\google\protobuf\pyext\cpp_message.py', '.venv\Lib\site-packages\reportlab\pdfbase\_fontdata_widths_helveticaoblique.py', '.venv\Lib\site-packages\stripe\params\billing\_credit_grant_update_params.py', '.venv\Lib\site-packages\stripe\params\test_helpers\_test_clock_list_params.py', '.venv\Lib\site-packages\google\longrunning\operations_grpc.py', '.venv\Lib\site-packages\reportlab\pdfbase\ttfonts.py', '.venv\Lib\site-packages\reportlab\graphics\barcode\lto.py', '.venv\Lib\site-packages\stripe\params\_price_update_params.py', '.venv\Lib\site-packages\google\api\metric_pb2.py', '.venv\Lib\site-packages\PIL\EpsImagePlugin.py', '.venv\Lib\site-packages\stripe\params\v2\core\__init__.py', '.venv\Lib\site-packages\stripe\params\_quote_list_line_items_params.py', '.venv\Lib\site-packages\stripe\params\_source_modify_params.py', '.venv\Lib\site-packages\stripe\params\billing\_meter_modify_params.py', '.venv\Lib\site-packages\stripe\apps\__init__.py', '.venv\Lib\site-packages\google\api\field_behavior_pb2.py', '.venv\Lib\site-packages\stripe\events\_v1_billing_meter_no_meter_found_event.py', '.venv\Lib\site-packages\stripe\params\_application_fee_refund_update_params.py', '.venv\Lib\site-packages\oauthlib\oauth1\rfc5849\endpoints\__init__.py', '.venv\Lib\site-packages\stripe\params\terminal\_reader_collect_payment_method_params.py', '.venv\Lib\site-packages\stripe\params\_charge_retrieve_params.py', '.venv\Lib\site-packages\stripe\treasury\_financial_account_service.py', '.venv\Lib\site-packages\reportlab\graphics\charts\utils3d.py', '.venv\Lib\site-packages\stripe\params\_product_feature_create_params.py', '.venv\Lib\site-packages\reportlab\lib\pygments2xpre.py', '.venv\Lib\site-packages\reportlab\pdfbase\pdfmetrics.py', '.venv\Lib\site-packages\oauthlib\openid\connect\core\tokens.py', '.venv\Lib\site-packages\stripe\params\issuing\_authorization_reverse_params.py', '.venv\Lib\site-packages\keyring\testing\__init__.py', '.venv\Lib\site-packages\stripe\_person.py', '.venv\Lib\site-packages\stripe\params\_customer_retrieve_payment_method_params.py', '.venv\Lib\site-packages\stripe\params\v2\billing\_meter_event_create_params.py', '.venv\Lib\site-packages\PIL\_binary.py', '.venv\Lib\site-packages\stripe\_client_options.py', '.venv\Lib\site-packages\stripe\params\treasury\_financial_account_retrieve_features_params.py', '.venv\Lib\site-packages\stripe\params\tax\_calculation_retrieve_params.py', '.venv\Lib\site-packages\stripe\_payment_method.py', '.venv\Lib\site-packages\google\protobuf\internal\field_mask.py', '.venv\Lib\site-packages\stripe\params\_source_transaction_list_params.py', '.venv\Lib\site-packages\stripe\params\_quote_computed_upfront_line_items_list_params.py', '.venv\Lib\site-packages\reportlab\graphics\charts\dotbox.py', '.venv\Lib\site-packages\reportlab\lib\randomtext.py', '.venv\Lib\site-packages\google\protobuf\internal\decoder.py', '.venv\Lib\site-packages\stripe\params\radar\_value_list_item_delete_params.py', '.venv\Lib\site-packages\PIL\ImageEnhance.py', '.venv\Lib\site-packages\stripe\_capability.py', '.venv\Lib\site-packages\stripe\params\terminal\_connection_token_create_params.py', '.venv\Lib\site-packages\httplib2\certs.py', '.venv\Lib\site-packages\reportlab\graphics\renderSVG.py', '.venv\Lib\site-packages\stripe\params\_plan_modify_params.py', '.venv\Lib\site-packages\stripe\params\_subscription_cancel_params.py', '.venv\Lib\site-packages\stripe\_shipping_rate_service.py', '.venv\Lib\site-packages\stripe\params\_account_person_list_params.py', '.venv\Lib\site-packages\stripe\_payment_link.py', '.venv\Lib\site-packages\stripe\_climate_service.py', '.venv\Lib\site-packages\stripe\params\v2\core\_event_destination_delete_params.py', '.venv\Lib\site-packages\stripe\_account_link_service.py', '.venv\Lib\site-packages\stripe\params\_payment_record_report_refund_params.py', '.venv\Lib\site-packages\google\api\monitoring_pb2.py', '.venv\Lib\site-packages\stripe\params\_invoice_retrieve_params.py', '.venv\Lib\site-packages\stripe\_customer.py', '.venv\Lib\site-packages\reportlab\pdfbase\_fontdata_enc_symbol.py', '.venv\Lib\site-packages\stripe\_payment_intent_amount_details_line_item.py', '.venv\Lib\site-packages\stripe\params\_setup_intent_modify_params.py', '.venv\Lib\site-packages\stripe\_reversal.py', '.venv\Lib\site-packages\reportlab\pdfbase\_fontdata_widths_helvetica.py', '.venv\Lib\site-packages\stripe\params\identity\_verification_session_list_params.py', '.venv\Lib\site-packages\stripe\params\_event_retrieve_params.py', '.venv\Lib\site-packages\reportlab\lib\rparsexml.py', '.venv\Lib\site-packages\oauthlib\oauth2\rfc6749\endpoints\metadata.py', '.venv\Lib\site-packages\stripe\params\_exchange_rate_retrieve_params.py', '.venv\Lib\site-packages\stripe\treasury\_transaction_entry.py', '.venv\Lib\site-packages\reportlab\pdfbase\_fontdata_widths_symbol.py', '.venv\Lib\site-packages\PIL\ContainerIO.py', '.venv\Lib\site-packages\PIL\__init__.py', '.venv\Lib\site-packages\reportlab\graphics\widgets\flags.py', '.venv\Lib\site-packages\google\api\visibility_pb2.py', '.venv\Lib\site-packages\stripe\params\treasury\_transaction_list_params.py', '.venv\Lib\site-packages\stripe\_payment_method_service.py', '.venv\Lib\site-packages\stripe\params\_balance_settings_update_params.py', '.venv\Lib\site-packages\stripe\_radar_service.py', '.venv\Lib\site-packages\google\protobuf\internal\containers.py', '.venv\Lib\site-packages\stripe\params\_plan_delete_params.py', '.venv\Lib\site-packages\stripe\params\_account_create_login_link_params.py', '.venv\Lib\site-packages\google\api\http_pb2.py', '.venv\Lib\site-packages\keyring\backends\__init__.py', '.venv\Lib\site-packages\stripe\_customer_service.py', '.venv\Lib\site-packages\stripe\params\terminal\_location_list_params.py', '.venv\Lib\site-packages\google\type\month_pb2.py', '.venv\Lib\site-packages\stripe\params\climate\_product_retrieve_params.py', '.venv\Lib\site-packages\stripe\params\_ephemeral_key_create_params.py', '.venv\Lib\site-packages\stripe\params\v2\core\_account_list_params.py', '.venv\Lib\site-packages\stripe\params\_customer_cash_balance_transaction_list_params.py', '.venv\Lib\site-packages\reportlab\graphics\barcode\fourstate.py', '.venv\Lib\site-packages\stripe\billing\_credit_balance_summary.py', '.venv\Lib\site-packages\stripe\params\_webhook_endpoint_modify_params.py', '.venv\Lib\site-packages\stripe\params\_account_person_delete_params.py', '.venv\Lib\site-packages\stripe\_customer_session_service.py', '.venv\Lib\site-packages\oauthlib\openid\__init__.py', '.venv\Lib\site-packages\stripe\params\_tax_id_list_params.py', '.venv\Lib\site-packages\proto\marshal\rules\__init__.py', '.venv\Lib\site-packages\stripe\params\treasury\_outbound_payment_return_outbound_payment_params.py', '.venv\Lib\site-packages\stripe\params\v2\core\_event_destination_create_params.py', '.venv\Lib\site-packages\stripe\params\_account_create_params.py', '.venv\Lib\site-packages\reportlab\lib\sequencer.py', '.venv\Lib\site-packages\stripe\_stripe_object.py', '.venv\Lib\site-packages\keyring\backends\macOS\api.py', '.venv\Lib\site-packages\stripe\_refund.py', '.venv\Lib\site-packages\stripe\params\terminal\_reader_confirm_payment_intent_params.py', '.venv\Lib\site-packages\google\api\error_reason_pb2.py', '.venv\Lib\site-packages\PIL\ImageMorph.py', '.venv\Lib\site-packages\stripe\climate\_order_service.py', '.venv\Lib\site-packages\stripe\params\financial_connections\_account_refresh_params.py', '.venv\Lib\site-packages\stripe\params\_payment_method_detach_params.py', '.venv\Lib\site-packages\stripe\entitlements\__init__.py', '.venv\Lib\site-packages\stripe\_source_transaction_service.py', '.venv\Lib\site-packages\stripe\params\issuing\_card_submit_card_params.py', '.venv\Lib\site-packages\google\api\endpoint_pb2.py', '.venv\Lib\site-packages\stripe\_expandable_field.py', '.venv\Lib\site-packages\stripe\financial_connections\__init__.py', '.venv\Lib\site-packages\stripe\_terminal_service.py', '.venv\Lib\site-packages\google\logging\type\http_request_pb2.py', '.venv\Lib\site-packages\stripe\params\issuing\_authorization_modify_params.py', '.venv\Lib\site-packages\stripe\params\test_helpers\_test_clock_advance_params.py', '.venv\Lib\site-packages\PIL\FliImagePlugin.py', '.venv\Lib\site-packages\google\protobuf\proto.py', '.venv\Lib\site-packages\oauthlib\oauth2\rfc6749\clients\legacy_application.py', '.venv\Lib\site-packages\reportlab\pdfbase\_can_cmap_data.py', '.venv\Lib\site-packages\stripe\params\_review_list_params.py', '.venv\Lib\site-packages\stripe\params\issuing\_authorization_finalize_amount_params.py', '.venv\Lib\site-packages\stripe\_balance_settings_service.py', '.venv\Lib\site-packages\stripe\params\_payment_method_attach_params.py', '.venv\Lib\site-packages\stripe\_exchange_rate.py', '.venv\Lib\site-packages\stripe\v2\billing\_meter_event_adjustment.py', '.venv\Lib\site-packages\stripe\checkout\_session_line_item_service.py', '.venv\Lib\site-packages\stripe\_application_fee_refund.py', '.venv\Lib\site-packages\oauthlib\openid\connect\core\endpoints\pre_configured.py', '.venv\Lib\site-packages\stripe\issuing\_dispute_service.py', '.venv\Lib\site-packages\stripe\params\financial_connections\_session_retrieve_params.py', '.venv\Lib\site-packages\stripe\events\_v2_core_account_including_identity_updated_event.py', '.venv\Lib\site-packages\stripe\params\test_helpers\issuing\_personalization_design_deactivate_params.py', '.venv\Lib\site-packages\proto\marshal\rules\wrappers.py', '.venv\Lib\site-packages\stripe\events\_v2_core_account_including_future_requirements_updated_event.py', '.venv\Lib\site-packages\stripe\params\_apple_pay_domain_retrieve_params.py', '.venv\Lib\site-packages\stripe\params\_review_approve_params.py', '.venv\Lib\site-packages\stripe\_customer_cash_balance_service.py', '.venv\Lib\site-packages\stripe\_request_options.py', '.venv\Lib\site-packages\reportlab\pdfbase\pdfdoc.py', '.venv\Lib\site-packages\stripe\issuing\_transaction.py', '.venv\Lib\site-packages\stripe\params\_price_retrieve_params.py', '.venv\Lib\site-packages\stripe\params\treasury\_financial_account_update_features_params.py', '.venv\Lib\site-packages\stripe\params\tax\__init__.py', '.venv\Lib\site-packages\stripe\params\_refund_retrieve_params.py', '.venv\Lib\site-packages\stripe\_country_spec.py', '.venv\Lib\site-packages\google\protobuf\internal\well_known_types.py', '.venv\Lib\site-packages\PIL\PpmImagePlugin.py', '.venv\Lib\site-packages\stripe\_customer_funding_instructions_service.py', '.venv\Lib\site-packages\stripe\params\_invoice_rendering_template_retrieve_params.py', '.venv\Lib\site-packages\stripe\params\_tax_rate_list_params.py', '.venv\Lib\site-packages\oauthlib\oauth1\rfc5849\endpoints\resource.py', '.venv\Lib\site-packages\stripe\_payment_method_configuration_service.py', '.venv\Lib\site-packages\stripe\params\_customer_update_params.py', '.venv\Lib\site-packages\reportlab\graphics\samples\bubble.py', '.venv\Lib\site-packages\proto\enums.py', '.venv\Lib\site-packages\stripe\params\_account_external_account_retrieve_params.py', '.venv\Lib\site-packages\stripe\params\_payment_record_report_payment_attempt_params.py', '.venv\Lib\site-packages\stripe\v2\billing\_meter_event_stream_service.py', '.venv\Lib\site-packages\stripe\v2\core\accounts\_person_service.py', '.venv\Lib\site-packages\proto\fields.py', '.venv\Lib\site-packages\google\longrunning\operations_proto_pb2.py', '.venv\Lib\site-packages\reportlab\graphics\barcode\code93.py', '.venv\Lib\site-packages\PIL\ImageChops.py', '.venv\Lib\site-packages\stripe\_review_service.py', '.venv\Lib\site-packages\google\rpc\error_details_pb2.py', '.venv\Lib\site-packages\stripe\reporting\_report_run_service.py', '.venv\Lib\site-packages\stripe\params\treasury\_inbound_transfer_retrieve_params.py', '.venv\Lib\site-packages\PIL\JpegPresets.py', '.venv\Lib\site-packages\stripe\params\issuing\_card_deliver_card_params.py', '.venv\Lib\site-packages\stripe\params\_webhook_endpoint_update_params.py', '.venv\Lib\site-packages\stripe\params\tax\_calculation_list_line_items_params.py', '.venv\Lib\site-packages\stripe\params\billing\_alert_create_params.py', '.venv\Lib\site-packages\stripe\events\_v2_core_account_including_requirements_updated_event.py', '.venv\Lib\site-packages\stripe\_quote_computed_upfront_line_items_service.py', '.venv\Lib\site-packages\reportlab\graphics\barcode\eanbc.py', '.venv\Lib\site-packages\stripe\v2\commerce\product_catalog\__init__.py', '.venv\Lib\site-packages\google\type\expr_pb2.py', '.venv\Lib\site-packages\stripe\params\identity\_verification_session_modify_params.py', '.venv\Lib\site-packages\jaraco\classes\__init__.py', '.venv\Lib\site-packages\google\protobuf\wrappers_pb2.py', '.venv\Lib\site-packages\stripe\v2\core\_account_link.py', '.venv\Lib\site-packages\PIL\XbmImagePlugin.py', '.venv\Lib\site-packages\stripe\radar\__init__.py', '.venv\Lib\site-packages\oauthlib\oauth1\rfc5849\endpoints\signature_only.py', '.venv\Lib\site-packages\stripe\params\v2\core\_account_link_create_params.py', '.venv\Lib\site-packages\stripe\_custom_method.py', '.venv\Lib\site-packages\stripe\params\entitlements\__init__.py', '.venv\Lib\site-packages\proto\marshal\collections\__init__.py', '.venv\Lib\site-packages\stripe\params\_customer_payment_method_retrieve_params.py', '.venv\Lib\site-packages\stripe\params\_country_spec_list_params.py', '.venv\Lib\site-packages\stripe\params\_product_modify_params.py', '.venv\Lib\site-packages\stripe\events\_v2_core_account_closed_event.py', '.venv\Lib\site-packages\reportlab\graphics\widgets\signsandsymbols.py', '.venv\Lib\site-packages\google\logging\type\log_severity_pb2.py', '.venv\Lib\site-packages\stripe\params\_application_fee_refund_list_params.py', '.venv\Lib\site-packages\stripe\_identity_service.py', '.venv\Lib\site-packages\stripe\params\_account_retrieve_current_params.py', '.venv\Lib\site-packages\PIL\TiffImagePlugin.py', '.venv\Lib\site-packages\stripe\params\_customer_retrieve_cash_balance_params.py', '.venv\Lib\site-packages\PIL\ExifTags.py', '.venv\Lib\site-packages\stripe\params\radar\_early_fraud_warning_retrieve_params.py', '.venv\Lib\site-packages\PIL\SunImagePlugin.py', '.venv\Lib\site-packages\oauthlib\openid\connect\__init__.py', '.venv\Lib\site-packages\reportlab\graphics\charts\textlabels.py', '.venv\Lib\site-packages\stripe\test_helpers\treasury\_outbound_payment_service.py', '.venv\Lib\site-packages\stripe\params\issuing\_dispute_update_params.py', '.venv\Lib\site-packages\oauthlib\oauth2\rfc6749\endpoints\introspect.py', '.venv\Lib\site-packages\stripe\params\sigma\_scheduled_query_run_list_params.py', '.venv\Lib\site-packages\google\api\documentation_pb2.py', '.venv\Lib\site-packages\reportlab\graphics\barcode\usps.py', '.venv\Lib\site-packages\stripe\_bank_account.py', '.venv\Lib\site-packages\stripe\params\treasury\_outbound_payment_create_params.py', '.venv\Lib\site-packages\reportlab\platypus\flowables.py', '.venv\Lib\site-packages\stripe\params\_customer_list_payment_methods_params.py', '.venv\Lib\site-packages\reportlab\graphics\barcode\common.py', '.venv\Lib\site-packages\stripe\params\_invoice_rendering_template_list_params.py', '.venv\Lib\site-packages\stripe\params\_subscription_schedule_retrieve_params.py', '.venv\Lib\site-packages\stripe\events\_v2_core_account_including_configuration_recipient_capability_status_updated_event.py', '.venv\Lib\site-packages\stripe\params\_product_list_params.py', '.venv\Lib\site-packages\stripe\params\_quote_retrieve_params.py', '.venv\Lib\site-packages\stripe\params\_subscription_item_delete_params.py', '.venv\Lib\site-packages\stripe\_credit_note.py', '.venv\Lib\site-packages\stripe\params\_subscription_retrieve_params.py', '.venv\Lib\site-packages\stripe\params\_invoice_pay_params.py', '.venv\Lib\site-packages\stripe\params\_plan_list_params.py', '.venv\Lib\site-packages\stripe\treasury\_transaction_entry_service.py', '.venv\Lib\site-packages\reportlab\graphics\widgets\__init__.py', '.venv\Lib\site-packages\stripe\params\treasury\_financial_account_retrieve_params.py', '.venv\Lib\site-packages\oauthlib\oauth2\rfc6749\endpoints\revocation.py', '.venv\Lib\site-packages\reportlab\pdfbase\_fontdata_enc_macroman.py', '.venv\Lib\site-packages\PIL\ImtImagePlugin.py', '.venv\Lib\site-packages\stripe\params\_customer_list_tax_ids_params.py', '.venv\Lib\site-packages\stripe\params\_file_link_retrieve_params.py', '.venv\Lib\site-packages\PIL\_deprecate.py', '.venv\Lib\site-packages\stripe\params\terminal\_reader_modify_params.py', '.venv\Lib\site-packages\PIL\ImageMath.py', '.venv\Lib\site-packages\stripe\params\_product_update_params.py', '.venv\Lib\site-packages\stripe\params\test_helpers\issuing\_transaction_create_force_capture_params.py', '.venv\Lib\site-packages\PIL\_util.py', '.venv\Lib\site-packages\stripe\params\_payment_link_create_params.py', '.venv\Lib\site-packages\oauthlib\oauth2\rfc6749\clients\base.py', '.venv\Lib\site-packages\stripe\v2\core\accounts\__init__.py', '.venv\Lib\site-packages\stripe\params\v2\commerce\__init__.py', '.venv\Lib\site-packages\requests_oauthlib\compliance_fixes\slack.py', '.venv\Lib\site-packages\google\protobuf\testdata\__init__.py', '.venv\Lib\site-packages\stripe\params\_payment_link_modify_params.py', '.venv\Lib\site-packages\stripe\_payout.py', '.venv\Lib\site-packages\google\cloud\common_resources_pb2.py', '.venv\Lib\site-packages\stripe\params\billing\_credit_grant_list_params.py', '.venv\Lib\site-packages\stripe\params\v2\core\_event_destination_enable_params.py', '.venv\Lib\site-packages\google\protobuf\type_pb2.py', '.venv\Lib\site-packages\stripe\params\test_helpers\treasury\_inbound_transfer_return_inbound_transfer_params.py', '.venv\Lib\site-packages\stripe\params\reporting\_report_run_create_params.py', '.venv\Lib\site-packages\stripe\params\terminal\_reader_retrieve_params.py', '.venv\Lib\site-packages\stripe\_account_service.py', '.venv\Lib\site-packages\keyring\backends\kwallet.py', '.venv\Lib\site-packages\stripe\climate\_order.py', '.venv\Lib\site-packages\stripe\_discount.py', '.venv\Lib\site-packages\stripe\_balance_settings.py', '.venv\Lib\site-packages\reportlab\graphics\charts\barcharts.py', '.venv\Lib\site-packages\httplib2\auth.py', '.venv\Lib\site-packages\stripe\params\_product_retrieve_params.py', '.venv\Lib\site-packages\stripe\_card.py', '.venv\Lib\site-packages\oauthlib\oauth1\rfc5849\endpoints\base.py', '.venv\Lib\site-packages\stripe\v2\billing\_meter_event_session.py', '.venv\Lib\site-packages\stripe\terminal\__init__.py', '.venv\Lib\site-packages\stripe\_setup_intent.py', '.venv\Lib\site-packages\stripe\params\_file_link_modify_params.py', '.venv\Lib\site-packages\stripe\params\_tax_rate_retrieve_params.py', '.venv\Lib\site-packages\stripe\treasury\_debit_reversal_service.py', '.venv\Lib\site-packages\stripe\_payout_service.py', '.venv\Lib\site-packages\stripe\params\v2\core\_event_destination_list_params.py', '.venv\Lib\site-packages\google\type\timeofday_pb2.py', '.venv\Lib\site-packages\stripe\params\_balance_retrieve_params.py', '.venv\Lib\site-packages\reportlab\graphics\charts\utils.py', '.venv\Lib\site-packages\stripe\params\issuing\_authorization_create_params.py', '.venv\Lib\site-packages\stripe\reporting\__init__.py', '.venv\Lib\site-packages\PIL\ImagePalette.py', '.venv\Lib\site-packages\stripe\tax\_association_service.py', '.venv\Lib\site-packages\stripe\params\_invoice_mark_uncollectible_params.py', '.venv\Lib\site-packages\stripe\params\treasury\_outbound_transfer_list_params.py', '.venv\Lib\site-packages\stripe\params\apps\_secret_list_params.py', '.venv\Lib\site-packages\stripe\climate\_product_service.py', '.venv\Lib\site-packages\stripe\params\issuing\_personalization_design_reject_params.py', '.venv\Lib\site-packages\stripe\params\_transfer_reversal_list_params.py', '.venv\Lib\site-packages\stripe\params\_account_retrieve_params.py', '.venv\Lib\site-packages\stripe\_account.py', '.venv\Lib\site-packages\stripe\params\_subscription_schedule_create_params.py', '.venv\Lib\site-packages\stripe\params\_account_list_params.py', '.venv\Lib\site-packages\stripe\tax\_calculation_service.py', '.venv\Lib\site-packages\stripe\billing_portal\__init__.py', '.venv\Lib\site-packages\stripe\params\test_helpers\treasury\_outbound_payment_update_params.py', '.venv\Lib\site-packages\google\protobuf\compiler\plugin_pb2.py', '.venv\Lib\site-packages\PIL\McIdasImagePlugin.py', '.venv\Lib\site-packages\reportlab\pdfbase\pdfutils.py', '.venv\Lib\site-packages\stripe\params\test_helpers\issuing\_card_ship_card_params.py', '.venv\Lib\site-packages\stripe\checkout\_session.py', '.venv\Lib\site-packages\stripe\params\_invoice_item_create_params.py', '.venv\Lib\site-packages\proto\marshal\rules\struct.py', '.venv\Lib\site-packages\stripe\params\test_helpers\_test_clock_retrieve_params.py', '.venv\Lib\site-packages\reportlab\pdfbase\_fontdata_widths_zapfdingbats.py', '.venv\Lib\site-packages\stripe\params\issuing\_card_update_params.py', '.venv\Lib\site-packages\PIL\AvifImagePlugin.py', '.venv\Lib\site-packages\stripe\params\_customer_list_balance_transactions_params.py', '.venv\Lib\site-packages\stripe\v2\_amount.py', '.venv\Lib\site-packages\stripe\v2\billing\_meter_event.py', '.venv\Lib\site-packages\stripe\params\_product_feature_retrieve_params.py', '.venv\Lib\site-packages\google\type\fraction_pb2.py', '.venv\Lib\site-packages\stripe\_reporting_service.py', '.venv\Lib\site-packages\stripe\issuing\_cardholder_service.py', '.venv\Lib\site-packages\stripe\params\_payment_method_domain_validate_params.py', '.venv\Lib\site-packages\keyring\core.py', '.venv\Lib\site-packages\reportlab\platypus\paraparser.py', '.venv\Lib\site-packages\stripe\params\_credit_note_preview_lines_list_params.py', '.venv\Lib\site-packages\PIL\MpegImagePlugin.py', '.venv\Lib\site-packages\google\protobuf\internal\enum_type_wrapper.py'. Reloading...
INFO:     Started server process [44528]
INFO:     Waiting for application startup.
INFO:     Application startup complete.
ERROR:    Traceback (most recent call last):
  File "C:\Users\1\AppData\Local\Programs\Python\Python313\Lib\asyncio\runners.py", line 118, in run
    return self._loop.run_until_complete(task)
           ~~~~~~~~~~~~~~~~~~~~~~~~~~~~~^^^^^^
  File "C:\Users\1\AppData\Local\Programs\Python\Python313\Lib\asyncio\base_events.py", line 725, in run_until_complete
    return future.result()
           ~~~~~~~~~~~~~^^
asyncio.exceptions.CancelledError

During handling of the above exception, another exception occurred:

Traceback (most recent call last):
  File "C:\Users\1\AppData\Local\Programs\Python\Python313\Lib\asyncio\runners.py", line 195, in run
    return runner.run(main)
           ~~~~~~~~~~^^^^^^
  File "C:\Users\1\AppData\Local\Programs\Python\Python313\Lib\asyncio\runners.py", line 123, in run
    raise KeyboardInterrupt()
KeyboardInterrupt

During handling of the above exception, another exception occurred:

Traceback (most recent call last):
  File "C:\Users\1\Documents\CRM\backend\.venv\Lib\site-packages\starlette\routing.py", line 701, in lifespan
    await receive()
  File "C:\Users\1\Documents\CRM\backend\.venv\Lib\site-packages\uvicorn\lifespan\on.py", line 137, in receive
    return await self.receive_queue.get()
           ^^^^^^^^^^^^^^^^^^^^^^^^^^^^^^
  File "C:\Users\1\AppData\Local\Programs\Python\Python313\Lib\asyncio\queues.py", line 186, in get
    await getter
asyncio.exceptions.CancelledError

WARNING:  WatchFiles detected changes in '.venv\Lib\site-packages\google\api_core\rest_streaming_async.py', '.venv\Lib\site-packages\google\api_core\iam.py', '.venv\Lib\site-packages\google\api_core\gapic_v1\routing_header.py', '.venv\Lib\site-packages\google_auth_oauthlib\interactive.py', 'app\workflows_v1\schema.py', '.venv\Lib\site-packages\google\api_core\operations_v1\transports\rest.py', '.venv\Lib\site-packages\google\api_core\client_info.py', '.venv\Lib\site-packages\google\api_core\path_template.py', '.venv\Lib\site-packages\google\api_core\datetime_helpers.py', '.venv\Lib\site-packages\google\api_core\grpc_helpers_async.py', '.venv\Lib\site-packages\google\api_core\__init__.py', '.venv\Lib\site-packages\googleapiclient\schema.py', '.venv\Lib\site-packages\google\api_core\rest_helpers.py', '.venv\Lib\site-packages\google\api_core\operations_v1\operations_async_client.py', '.venv\Lib\site-packages\googleapiclient\__init__.py', '.venv\Lib\site-packages\google\api_core\operations_v1\pagers_async.py', '.venv\Lib\site-packages\googleapiclient\sample_tools.py', '.venv\Lib\site-packages\google\api_core\client_options.py', '.venv\Lib\site-packages\google\api_core\gapic_v1\__init__.py', '.venv\Lib\site-packages\google\api_core\general_helpers.py', '.venv\Lib\site-packages\google\api_core\bidi_base.py', '.venv\Lib\site-packages\google\api_core\operations_v1\__init__.py', '.venv\Lib\site-packages\google\api_core\gapic_v1\method_async.py', '.venv\Lib\site-packages\google\api_core\operations_v1\operations_client.py', '.venv\Lib\site-packages\google\api_core\version_header.py', '.venv\Lib\site-packages\googleapiclient\discovery_cache\__init__.py', '.venv\Lib\site-packages\google\api_core\retry\retry_unary_async.py', '.venv\Lib\site-packages\google\api_core\future\polling.py', '.venv\Lib\site-packages\google\api_core\operations_v1\transports\__init__.py', '.venv\Lib\site-packages\google\api_core\operations_v1\pagers_base.py', '.venv\Lib\site-packages\google\api_core\operations_v1\operations_client_config.py', '.venv\Lib\site-packages\apiclient\__init__.py', '.venv\Lib\site-packages\googleapiclient\http.py', '.venv\Lib\site-packages\google\api_core\operations_v1\abstract_operations_base_client.py', '.venv\Lib\site-packages\google_auth_oauthlib\flow.py', '.venv\Lib\site-packages\google\api_core\operations_v1\transports\rest_asyncio.py', '.venv\Lib\site-packages\googleapiclient\mimeparse.py', '.venv\Lib\site-packages\google\api_core\retry\retry_unary.py', '.venv\Lib\site-packages\google\api_core\operations_v1\pagers.py', '.venv\Lib\site-packages\google\api_core\retry\retry_streaming_async.py', 'app\workflows_v1\models.py', '.venv\Lib\site-packages\google\api_core\_python_package_support.py', 'app\workflows_v1\__init__.py', '.venv\Lib\site-packages\google\api_core\operations_v1\abstract_operations_client.py', '.venv\Lib\site-packages\google\api_core\protobuf_helpers.py', '.venv\Lib\site-packages\googleapiclient\model.py', '.venv\Lib\site-packages\google\api_core\gapic_v1\config_async.py', '.venv\Lib\site-packages\google\api_core\page_iterator.py', '.venv\Lib\site-packages\google\api_core\gapic_v1\config.py', '.venv\Lib\site-packages\google\api_core\operation.py', '.venv\Lib\site-packages\google\api_core\future\_helpers.py', '.venv\Lib\site-packages\google\api_core\operations_v1\transports\base.py', '.venv\Lib\site-packages\google\api_core\_rest_streaming_base.py', '.venv\Lib\site-packages\google\api_core\grpc_helpers.py', '.venv\Lib\site-packages\google\api_core\timeout.py', '.venv\Lib\site-packages\googleapiclient\channel.py', '.venv\Lib\site-packages\google\api_core\exceptions.py', '.venv\Lib\site-packages\googleapiclient\_helpers.py', '.venv\Lib\site-packages\google_auth_oauthlib\tool\__init__.py', '.venv\Lib\site-packages\google\api_core\_python_version_support.py', '.venv\Lib\site-packages\google\api_core\operations_v1\operations_rest_client_async.py', '.venv\Lib\site-packages\google\api_core\future\base.py', '.venv\Lib\site-packages\google_auth_oauthlib\tool\__main__.py', '.venv\Lib\site-packages\googleapiclient\discovery.py', '.venv\Lib\site-packages\googleapiclient\errors.py', '.venv\Lib\site-packages\google\api_core\version.py', '.venv\Lib\site-packages\google\api_core\page_iterator_async.py', '.venv\Lib\site-packages\google\api_core\universe.py', '.venv\Lib\site-packages\googleapiclient\discovery_cache\appengine_memcache.py', '.venv\Lib\site-packages\google_auth_oauthlib\helpers.py', '.venv\Lib\site-packages\google\api_core\retry_async.py', '.venv\Lib\site-packages\google\api_core\future\__init__.py', '.venv\Lib\site-packages\google\api_core\retry\retry_streaming.py', '.venv\Lib\site-packages\google\api_core\gapic_v1\client_info.py', '.venv\Lib\site-packages\google\api_core\bidi.py', '.venv\Lib\site-packages\google\api_core\future\async_future.py', '.venv\Lib\site-packages\googleapiclient\_auth.py', '.venv\Lib\site-packages\googleapiclient\version.py', '.venv\Lib\site-packages\google\api_core\retry\retry_base.py', '.venv\Lib\site-packages\google\api_core\gapic_v1\method.py', '.venv\Lib\site-packages\googleapiclient\discovery_cache\base.py', '.venv\Lib\site-packages\google\api_core\rest_streaming.py', '.venv\Lib\site-packages\google\api_core\retry\__init__.py', '.venv\Lib\site-packages\google\api_core\operation_async.py', '.venv\Lib\site-packages\googleapiclient\discovery_cache\file_cache.py', '.venv\Lib\site-packages\google_auth_oauthlib\__init__.py', '.venv\Lib\site-packages\google\api_core\extended_operation.py', '.venv\Lib\site-packages\google\api_core\bidi_async.py', '.venv\Lib\site-packages\google_auth_httplib2.py', '.venv\Lib\site-packages\google\api_core\client_logging.py'. Reloading...
INFO:     Started server process [98500]
INFO:     Waiting for application startup.
INFO:     Application startup complete.
ERROR:    Traceback (most recent call last):
  File "C:\Users\1\AppData\Local\Programs\Python\Python313\Lib\asyncio\runners.py", line 118, in run
    return self._loop.run_until_complete(task)
           ~~~~~~~~~~~~~~~~~~~~~~~~~~~~~^^^^^^
  File "C:\Users\1\AppData\Local\Programs\Python\Python313\Lib\asyncio\base_events.py", line 725, in run_until_complete
    return future.result()
           ~~~~~~~~~~~~~^^
asyncio.exceptions.CancelledError

During handling of the above exception, another exception occurred:

Traceback (most recent call last):
  File "C:\Users\1\AppData\Local\Programs\Python\Python313\Lib\asyncio\runners.py", line 195, in run
    return runner.run(main)
           ~~~~~~~~~~^^^^^^
  File "C:\Users\1\AppData\Local\Programs\Python\Python313\Lib\asyncio\runners.py", line 123, in run
    raise KeyboardInterrupt()
KeyboardInterrupt

During handling of the above exception, another exception occurred:

Traceback (most recent call last):
  File "C:\Users\1\Documents\CRM\backend\.venv\Lib\site-packages\starlette\routing.py", line 701, in lifespan
    await receive()
  File "C:\Users\1\Documents\CRM\backend\.venv\Lib\site-packages\uvicorn\lifespan\on.py", line 137, in receive
    return await self.receive_queue.get()
           ^^^^^^^^^^^^^^^^^^^^^^^^^^^^^^
  File "C:\Users\1\AppData\Local\Programs\Python\Python313\Lib\asyncio\queues.py", line 186, in get
    await getter
asyncio.exceptions.CancelledError

INFO:     Started server process [183540]
INFO:     Waiting for application startup.
INFO:     Application startup complete.
WARNING:  WatchFiles detected changes in 'app\local_security.py', 'tests\test_local_security.py'. Reloading...
INFO:     Shutting down
INFO:     Waiting for application shutdown.
INFO:     Application shutdown complete.
INFO:     Finished server process [183540]
WARNING:  WatchFiles detected changes in 'app\workflows_v1\__init__.py', 'app\workflows_v1\router.py', 'app\operations\schema.py', 'app\operations\router.py', 'app\operations\invoice_pdf.py', 'app\workflows_v1\service.py', 'app\operations\service.py'. Reloading...
INFO:     Started server process [190508]
INFO:     Waiting for application startup.
INFO:     Application startup complete.
ERROR:    Traceback (most recent call last):
  File "C:\Users\1\AppData\Local\Programs\Python\Python313\Lib\asyncio\runners.py", line 118, in run
    return self._loop.run_until_complete(task)
           ~~~~~~~~~~~~~~~~~~~~~~~~~~~~~^^^^^^
  File "C:\Users\1\AppData\Local\Programs\Python\Python313\Lib\asyncio\base_events.py", line 725, in run_until_complete
    return future.result()
           ~~~~~~~~~~~~~^^
asyncio.exceptions.CancelledError

During handling of the above exception, another exception occurred:

Traceback (most recent call last):
  File "C:\Users\1\AppData\Local\Programs\Python\Python313\Lib\asyncio\runners.py", line 195, in run
    return runner.run(main)
           ~~~~~~~~~~^^^^^^
  File "C:\Users\1\AppData\Local\Programs\Python\Python313\Lib\asyncio\runners.py", line 123, in run
    raise KeyboardInterrupt()
KeyboardInterrupt

During handling of the above exception, another exception occurred:

Traceback (most recent call last):
  File "C:\Users\1\Documents\CRM\backend\.venv\Lib\site-packages\starlette\routing.py", line 701, in lifespan
    await receive()
  File "C:\Users\1\Documents\CRM\backend\.venv\Lib\site-packages\uvicorn\lifespan\on.py", line 137, in receive
    return await self.receive_queue.get()
           ^^^^^^^^^^^^^^^^^^^^^^^^^^^^^^
  File "C:\Users\1\AppData\Local\Programs\Python\Python313\Lib\asyncio\queues.py", line 186, in get
    await getter
asyncio.exceptions.CancelledError

INFO:     Started server process [59752]
INFO:     Waiting for application startup.
INFO:     Application startup complete.
WARNING:  WatchFiles detected changes in 'app\communications\router.py'. Reloading...
INFO:     Shutting down
INFO:     Waiting for application shutdown.
INFO:     Application shutdown complete.
INFO:     Finished server process [59752]
WARNING:  WatchFiles detected changes in 'app\local_security.py', 'app\communications\__init__.py', 'tests\test_local_security.py', 'app\main.py', 'tests\test_workflows_v1.py'. Reloading...
INFO:     Started server process [151172]
INFO:     Waiting for application startup.
INFO:     Application startup complete.
ERROR:    Traceback (most recent call last):
  File "C:\Users\1\AppData\Local\Programs\Python\Python313\Lib\asyncio\runners.py", line 118, in run
    return self._loop.run_until_complete(task)
           ~~~~~~~~~~~~~~~~~~~~~~~~~~~~~^^^^^^
  File "C:\Users\1\AppData\Local\Programs\Python\Python313\Lib\asyncio\base_events.py", line 725, in run_until_complete
    return future.result()
           ~~~~~~~~~~~~~^^
asyncio.exceptions.CancelledError

During handling of the above exception, another exception occurred:

Traceback (most recent call last):
  File "C:\Users\1\AppData\Local\Programs\Python\Python313\Lib\asyncio\runners.py", line 195, in run
    return runner.run(main)
           ~~~~~~~~~~^^^^^^
  File "C:\Users\1\AppData\Local\Programs\Python\Python313\Lib\asyncio\runners.py", line 123, in run
    raise KeyboardInterrupt()
KeyboardInterrupt

During handling of the above exception, another exception occurred:

Traceback (most recent call last):
  File "C:\Users\1\Documents\CRM\backend\.venv\Lib\site-packages\starlette\routing.py", line 701, in lifespan
    await receive()
  File "C:\Users\1\Documents\CRM\backend\.venv\Lib\site-packages\uvicorn\lifespan\on.py", line 137, in receive
    return await self.receive_queue.get()
           ^^^^^^^^^^^^^^^^^^^^^^^^^^^^^^
  File "C:\Users\1\AppData\Local\Programs\Python\Python313\Lib\asyncio\queues.py", line 186, in get
    await getter
asyncio.exceptions.CancelledError

INFO:     Started server process [193344]
INFO:     Waiting for application startup.
INFO:     Application startup complete.
WARNING:  WatchFiles detected changes in 'tests\test_communications_v1.py'. Reloading...
INFO:     Shutting down
INFO:     Waiting for application shutdown.
INFO:     Application shutdown complete.
INFO:     Finished server process [193344]
WARNING:  WatchFiles detected changes in 'app\workflows_v1\__init__.py', 'app\workflows_v1\router.py', 'app\communications\router.py', 'tests\test_communications_v1.py', 'app\workflows_v1\service.py', 'tests\test_workflows_v1.py'. Reloading...
INFO:     Started server process [127860]
INFO:     Waiting for application startup.
INFO:     Application startup complete.
ERROR:    Traceback (most recent call last):
  File "C:\Users\1\AppData\Local\Programs\Python\Python313\Lib\asyncio\runners.py", line 118, in run
    return self._loop.run_until_complete(task)
           ~~~~~~~~~~~~~~~~~~~~~~~~~~~~~^^^^^^
  File "C:\Users\1\AppData\Local\Programs\Python\Python313\Lib\asyncio\base_events.py", line 725, in run_until_complete
    return future.result()
           ~~~~~~~~~~~~~^^
asyncio.exceptions.CancelledError

During handling of the above exception, another exception occurred:

Traceback (most recent call last):
  File "C:\Users\1\AppData\Local\Programs\Python\Python313\Lib\asyncio\runners.py", line 195, in run
    return runner.run(main)
           ~~~~~~~~~~^^^^^^
  File "C:\Users\1\AppData\Local\Programs\Python\Python313\Lib\asyncio\runners.py", line 123, in run
    raise KeyboardInterrupt()
KeyboardInterrupt

During handling of the above exception, another exception occurred:

Traceback (most recent call last):
  File "C:\Users\1\Documents\CRM\backend\.venv\Lib\site-packages\starlette\routing.py", line 701, in lifespan
    await receive()
  File "C:\Users\1\Documents\CRM\backend\.venv\Lib\site-packages\uvicorn\lifespan\on.py", line 137, in receive
    return await self.receive_queue.get()
           ^^^^^^^^^^^^^^^^^^^^^^^^^^^^^^
  File "C:\Users\1\AppData\Local\Programs\Python\Python313\Lib\asyncio\queues.py", line 186, in get
    await getter
asyncio.exceptions.CancelledError

INFO:     Started server process [61668]
INFO:     Waiting for application startup.
INFO:     Application startup complete.
WARNING:  WatchFiles detected changes in 'app\main.py', 'app\platform_db.py'. Reloading...
INFO:     Shutting down
INFO:     Waiting for application shutdown.
INFO:     Application shutdown complete.
INFO:     Finished server process [61668]
WARNING:  WatchFiles detected changes in '.venv\Lib\site-packages\tzdata\zoneinfo\Chile\__init__.py', '.venv\Lib\site-packages\tzdata\zoneinfo\America\__init__.py', '.venv\Lib\site-packages\tzdata\zoneinfo\America\Kentucky\__init__.py', 'app\services\settings_service.py', '.venv\Lib\site-packages\tzdata\zoneinfo\Indian\__init__.py', '.venv\Lib\site-packages\tzdata\zoneinfo\Atlantic\__init__.py', '.venv\Lib\site-packages\tzdata\zoneinfo\Brazil\__init__.py', '.venv\Lib\site-packages\tzdata\zoneinfo\Asia\__init__.py', 'app\services\emails_service.py', '.venv\Lib\site-packages\tzdata\zoneinfo\Antarctica\__init__.py', 'tests\test_crm_core.py', 'app\schemas.py', 'app\main.py', '.venv\Lib\site-packages\tzdata\zoneinfo\Mexico\__init__.py', '.venv\Lib\site-packages\tzdata\zoneinfo\US\__init__.py', '.venv\Lib\site-packages\tzdata\zoneinfo\Australia\__init__.py', '.venv\Lib\site-packages\tzdata\zoneinfo\America\North_Dakota\__init__.py', '.venv\Lib\site-packages\tzdata\zoneinfo\Pacific\__init__.py', '.venv\Lib\site-packages\tzdata\zoneinfo\America\Argentina\__init__.py', 'app\routes\emails.py', 'app\routes\settings.py', '.venv\Lib\site-packages\tzdata\zoneinfo\Etc\__init__.py', '.venv\Lib\site-packages\tzdata\zoneinfo\Europe\__init__.py', '.venv\Lib\site-packages\tzdata\zoneinfo\Africa\__init__.py', 'app\integrations_v1\worker.py', '.venv\Lib\site-packages\tzdata\zoneinfo\Canada\__init__.py', '.venv\Lib\site-packages\tzdata\zoneinfo\America\Indiana\__init__.py', '.venv\Lib\site-packages\tzdata\zoneinfo\Arctic\__init__.py'. Reloading...
INFO:     Started server process [190620]
INFO:     Waiting for application startup.
INFO:     Application startup complete.
ERROR:    Traceback (most recent call last):
  File "C:\Users\1\AppData\Local\Programs\Python\Python313\Lib\asyncio\runners.py", line 118, in run
    return self._loop.run_until_complete(task)
           ~~~~~~~~~~~~~~~~~~~~~~~~~~~~~^^^^^^
  File "C:\Users\1\AppData\Local\Programs\Python\Python313\Lib\asyncio\base_events.py", line 725, in run_until_complete
    return future.result()
           ~~~~~~~~~~~~~^^
asyncio.exceptions.CancelledError

During handling of the above exception, another exception occurred:

Traceback (most recent call last):
  File "C:\Users\1\AppData\Local\Programs\Python\Python313\Lib\asyncio\runners.py", line 195, in run
    return runner.run(main)
           ~~~~~~~~~~^^^^^^
  File "C:\Users\1\AppData\Local\Programs\Python\Python313\Lib\asyncio\runners.py", line 123, in run
    raise KeyboardInterrupt()
KeyboardInterrupt

During handling of the above exception, another exception occurred:

Traceback (most recent call last):
  File "C:\Users\1\Documents\CRM\backend\.venv\Lib\site-packages\starlette\routing.py", line 701, in lifespan
    await receive()
  File "C:\Users\1\Documents\CRM\backend\.venv\Lib\site-packages\uvicorn\lifespan\on.py", line 137, in receive
    return await self.receive_queue.get()
           ^^^^^^^^^^^^^^^^^^^^^^^^^^^^^^
  File "C:\Users\1\AppData\Local\Programs\Python\Python313\Lib\asyncio\queues.py", line 186, in get
    await getter
asyncio.exceptions.CancelledError

INFO:     Started server process [193864]
INFO:     Waiting for application startup.
INFO:     Application startup complete.
WARNING:  WatchFiles detected changes in 'app\integrations_v1\secrets.py'. Reloading...
INFO:     Shutting down
INFO:     Waiting for application shutdown.
INFO:     Application shutdown complete.
INFO:     Finished server process [193864]
WARNING:  WatchFiles detected changes in 'app\local_security.py', 'tests\test_full_lifecycle_v1.py', 'tests\test_pdf_drive_workers.py', 'app\lead_enrichment\config.py', 'app\main.py', 'app\integrations_v1\router.py', 'app\operations\service.py'. Reloading...
INFO:     Started server process [198044]
INFO:     Waiting for application startup.
INFO:     Application startup complete.
ERROR:    Traceback (most recent call last):
  File "C:\Users\1\AppData\Local\Programs\Python\Python313\Lib\asyncio\runners.py", line 118, in run
    return self._loop.run_until_complete(task)
           ~~~~~~~~~~~~~~~~~~~~~~~~~~~~~^^^^^^
  File "C:\Users\1\AppData\Local\Programs\Python\Python313\Lib\asyncio\base_events.py", line 725, in run_until_complete
    return future.result()
           ~~~~~~~~~~~~~^^
asyncio.exceptions.CancelledError

During handling of the above exception, another exception occurred:

Traceback (most recent call last):
  File "C:\Users\1\AppData\Local\Programs\Python\Python313\Lib\asyncio\runners.py", line 195, in run
    return runner.run(main)
           ~~~~~~~~~~^^^^^^
  File "C:\Users\1\AppData\Local\Programs\Python\Python313\Lib\asyncio\runners.py", line 123, in run
    raise KeyboardInterrupt()
KeyboardInterrupt

During handling of the above exception, another exception occurred:

Traceback (most recent call last):
  File "C:\Users\1\Documents\CRM\backend\.venv\Lib\site-packages\starlette\routing.py", line 701, in lifespan
    await receive()
  File "C:\Users\1\Documents\CRM\backend\.venv\Lib\site-packages\uvicorn\lifespan\on.py", line 137, in receive
    return await self.receive_queue.get()
           ^^^^^^^^^^^^^^^^^^^^^^^^^^^^^^
  File "C:\Users\1\AppData\Local\Programs\Python\Python313\Lib\asyncio\queues.py", line 186, in get
    await getter
asyncio.exceptions.CancelledError

INFO:     Started server process [48860]
INFO:     Waiting for application startup.
INFO:     Application startup complete.
WARNING:  WatchFiles detected changes in 'tests\test_credential_settings.py'. Reloading...
INFO:     Shutting down
INFO:     Waiting for application shutdown.
INFO:     Application shutdown complete.
INFO:     Finished server process [48860]
WARNING:  WatchFiles detected changes in 'tests\test_full_lifecycle_v1.py', 'app\operations\schema.py', 'app\operations\models.py', 'app\operations\router.py', 'app\integrations_v1\router.py', 'app\v1\core_service.py', 'tests\test_credential_settings.py', 'app\operations\service.py'. Reloading...
INFO:     Started server process [199024]
INFO:     Waiting for application startup.
INFO:     Application startup complete.
ERROR:    Traceback (most recent call last):
  File "C:\Users\1\AppData\Local\Programs\Python\Python313\Lib\asyncio\runners.py", line 118, in run
    return self._loop.run_until_complete(task)
           ~~~~~~~~~~~~~~~~~~~~~~~~~~~~~^^^^^^
  File "C:\Users\1\AppData\Local\Programs\Python\Python313\Lib\asyncio\base_events.py", line 725, in run_until_complete
    return future.result()
           ~~~~~~~~~~~~~^^
asyncio.exceptions.CancelledError

During handling of the above exception, another exception occurred:

Traceback (most recent call last):
  File "C:\Users\1\AppData\Local\Programs\Python\Python313\Lib\asyncio\runners.py", line 195, in run
    return runner.run(main)
           ~~~~~~~~~~^^^^^^
  File "C:\Users\1\AppData\Local\Programs\Python\Python313\Lib\asyncio\runners.py", line 123, in run
    raise KeyboardInterrupt()
KeyboardInterrupt

During handling of the above exception, another exception occurred:

Traceback (most recent call last):
  File "C:\Users\1\Documents\CRM\backend\.venv\Lib\site-packages\starlette\routing.py", line 701, in lifespan
    await receive()
  File "C:\Users\1\Documents\CRM\backend\.venv\Lib\site-packages\uvicorn\lifespan\on.py", line 137, in receive
    return await self.receive_queue.get()
           ^^^^^^^^^^^^^^^^^^^^^^^^^^^^^^
  File "C:\Users\1\AppData\Local\Programs\Python\Python313\Lib\asyncio\queues.py", line 186, in get
    await getter
asyncio.exceptions.CancelledError

INFO:     Started server process [188168]
INFO:     Waiting for application startup.
INFO:     Application startup complete.
WARNING:  WatchFiles detected changes in 'app\integrations_v1\worker.py'. Reloading...
INFO:     Shutting down
INFO:     Waiting for connections to close. (CTRL+C to force quit)
INFO:     Waiting for application shutdown.
INFO:     Application shutdown complete.
INFO:     Finished server process [188168]
WARNING:  WatchFiles detected changes in 'app\v1\core_service.py', 'tests\test_full_lifecycle_v1.py', 'app\operations\service.py'. Reloading...
INFO:     Started server process [12844]
INFO:     Waiting for application startup.
INFO:     Application startup complete.
ERROR:    Traceback (most recent call last):
  File "C:\Users\1\AppData\Local\Programs\Python\Python313\Lib\asyncio\runners.py", line 118, in run
    return self._loop.run_until_complete(task)
           ~~~~~~~~~~~~~~~~~~~~~~~~~~~~~^^^^^^
  File "C:\Users\1\AppData\Local\Programs\Python\Python313\Lib\asyncio\base_events.py", line 725, in run_until_complete
    return future.result()
           ~~~~~~~~~~~~~^^
asyncio.exceptions.CancelledError

During handling of the above exception, another exception occurred:

Traceback (most recent call last):
  File "C:\Users\1\AppData\Local\Programs\Python\Python313\Lib\asyncio\runners.py", line 195, in run
    return runner.run(main)
           ~~~~~~~~~~^^^^^^
  File "C:\Users\1\AppData\Local\Programs\Python\Python313\Lib\asyncio\runners.py", line 123, in run
    raise KeyboardInterrupt()
KeyboardInterrupt

During handling of the above exception, another exception occurred:

Traceback (most recent call last):
  File "C:\Users\1\Documents\CRM\backend\.venv\Lib\site-packages\starlette\routing.py", line 701, in lifespan
    await receive()
  File "C:\Users\1\Documents\CRM\backend\.venv\Lib\site-packages\uvicorn\lifespan\on.py", line 137, in receive
    return await self.receive_queue.get()
           ^^^^^^^^^^^^^^^^^^^^^^^^^^^^^^
  File "C:\Users\1\AppData\Local\Programs\Python\Python313\Lib\asyncio\queues.py", line 186, in get
    await getter
asyncio.exceptions.CancelledError

INFO:     Started server process [44864]
INFO:     Waiting for application startup.
INFO:     Application startup complete.
WARNING:  WatchFiles detected changes in 'app\lead_discovery\runner.py', 'app\platform_db.py', 'app\main.py'. Reloading...
INFO:     Shutting down
INFO:     Waiting for application shutdown.
INFO:     Application shutdown complete.
INFO:     Finished server process [44864]
WARNING:  WatchFiles detected changes in 'app\lead_discovery\runner.py'. Reloading...
INFO:     Started server process [154888]
INFO:     Waiting for application startup.
INFO:     Application startup complete.
ERROR:    Traceback (most recent call last):
  File "C:\Users\1\AppData\Local\Programs\Python\Python313\Lib\asyncio\runners.py", line 118, in run
    return self._loop.run_until_complete(task)
           ~~~~~~~~~~~~~~~~~~~~~~~~~~~~~^^^^^^
  File "C:\Users\1\AppData\Local\Programs\Python\Python313\Lib\asyncio\base_events.py", line 725, in run_until_complete
    return future.result()
           ~~~~~~~~~~~~~^^
asyncio.exceptions.CancelledError

During handling of the above exception, another exception occurred:

Traceback (most recent call last):
  File "C:\Users\1\AppData\Local\Programs\Python\Python313\Lib\asyncio\runners.py", line 195, in run
    return runner.run(main)
           ~~~~~~~~~~^^^^^^
  File "C:\Users\1\AppData\Local\Programs\Python\Python313\Lib\asyncio\runners.py", line 123, in run
    raise KeyboardInterrupt()
KeyboardInterrupt

During handling of the above exception, another exception occurred:

Traceback (most recent call last):
  File "C:\Users\1\Documents\CRM\backend\.venv\Lib\site-packages\starlette\routing.py", line 701, in lifespan
    await receive()
  File "C:\Users\1\Documents\CRM\backend\.venv\Lib\site-packages\uvicorn\lifespan\on.py", line 137, in receive
    return await self.receive_queue.get()
           ^^^^^^^^^^^^^^^^^^^^^^^^^^^^^^
  File "C:\Users\1\AppData\Local\Programs\Python\Python313\Lib\asyncio\queues.py", line 186, in get
    await getter
asyncio.exceptions.CancelledError

INFO:     Started server process [171688]
INFO:     Waiting for application startup.
INFO:     Application startup complete.
WARNING:  WatchFiles detected changes in 'tests\test_discovery_portals.py', 'tests\test_crm_core.py', 'app\workflows_v1\router.py'. Reloading...
INFO:     Shutting down
INFO:     Waiting for application shutdown.
INFO:     Application shutdown complete.
INFO:     Finished server process [171688]
WARNING:  WatchFiles detected changes in 'tests\test_migration_cutover.py'. Reloading...
INFO:     Started server process [203344]
INFO:     Waiting for application startup.
INFO:     Application startup complete.
ERROR:    Traceback (most recent call last):
  File "C:\Users\1\AppData\Local\Programs\Python\Python313\Lib\asyncio\runners.py", line 118, in run
    return self._loop.run_until_complete(task)
           ~~~~~~~~~~~~~~~~~~~~~~~~~~~~~^^^^^^
  File "C:\Users\1\AppData\Local\Programs\Python\Python313\Lib\asyncio\base_events.py", line 725, in run_until_complete
    return future.result()
           ~~~~~~~~~~~~~^^
asyncio.exceptions.CancelledError

During handling of the above exception, another exception occurred:

Traceback (most recent call last):
  File "C:\Users\1\AppData\Local\Programs\Python\Python313\Lib\asyncio\runners.py", line 195, in run
    return runner.run(main)
           ~~~~~~~~~~^^^^^^
  File "C:\Users\1\AppData\Local\Programs\Python\Python313\Lib\asyncio\runners.py", line 123, in run
    raise KeyboardInterrupt()
KeyboardInterrupt

During handling of the above exception, another exception occurred:

Traceback (most recent call last):
  File "C:\Users\1\Documents\CRM\backend\.venv\Lib\site-packages\starlette\routing.py", line 701, in lifespan
    await receive()
  File "C:\Users\1\Documents\CRM\backend\.venv\Lib\site-packages\uvicorn\lifespan\on.py", line 137, in receive
    return await self.receive_queue.get()
           ^^^^^^^^^^^^^^^^^^^^^^^^^^^^^^
  File "C:\Users\1\AppData\Local\Programs\Python\Python313\Lib\asyncio\queues.py", line 186, in get
    await getter
asyncio.exceptions.CancelledError

INFO:     Started server process [44500]
INFO:     Waiting for application startup.
INFO:     Application startup complete.
WARNING:  WatchFiles detected changes in 'app\v1\router.py', 'tests\test_v1_core.py'. Reloading...
INFO:     Shutting down
INFO:     Waiting for application shutdown.
INFO:     Application shutdown complete.
INFO:     Finished server process [44500]
INFO:     Started server process [202468]
INFO:     Waiting for application startup.
INFO:     Application startup complete.
WARNING:  WatchFiles detected changes in 'app\integrations_v1\router.py', 'tests\test_integrations_v1.py'. Reloading...
INFO:     Shutting down
INFO:     Waiting for application shutdown.
INFO:     Application shutdown complete.
INFO:     Finished server process [202468]
WARNING:  WatchFiles detected changes in 'app\confirmation.py', 'tests\test_full_lifecycle_v1.py', 'app\communications\router.py', 'tests\test_pdf_drive_workers.py', 'app\operations\router.py', 'tests\test_integrations_v1.py', 'tests\test_communications_v1.py', 'tests\test_confirmation.py', 'tests\test_operations_v1.py', 'app\integrations_v1\router.py'. Reloading...
INFO:     Started server process [194836]
INFO:     Waiting for application startup.
INFO:     Application startup complete.
ERROR:    Traceback (most recent call last):
  File "C:\Users\1\AppData\Local\Programs\Python\Python313\Lib\asyncio\runners.py", line 118, in run
    return self._loop.run_until_complete(task)
           ~~~~~~~~~~~~~~~~~~~~~~~~~~~~~^^^^^^
  File "C:\Users\1\AppData\Local\Programs\Python\Python313\Lib\asyncio\base_events.py", line 725, in run_until_complete
    return future.result()
           ~~~~~~~~~~~~~^^
asyncio.exceptions.CancelledError

During handling of the above exception, another exception occurred:

Traceback (most recent call last):
  File "C:\Users\1\AppData\Local\Programs\Python\Python313\Lib\asyncio\runners.py", line 195, in run
    return runner.run(main)
           ~~~~~~~~~~^^^^^^
  File "C:\Users\1\AppData\Local\Programs\Python\Python313\Lib\asyncio\runners.py", line 123, in run
    raise KeyboardInterrupt()
KeyboardInterrupt

During handling of the above exception, another exception occurred:

Traceback (most recent call last):
  File "C:\Users\1\Documents\CRM\backend\.venv\Lib\site-packages\starlette\routing.py", line 701, in lifespan
    await receive()
  File "C:\Users\1\Documents\CRM\backend\.venv\Lib\site-packages\uvicorn\lifespan\on.py", line 137, in receive
    return await self.receive_queue.get()
           ^^^^^^^^^^^^^^^^^^^^^^^^^^^^^^
  File "C:\Users\1\AppData\Local\Programs\Python\Python313\Lib\asyncio\queues.py", line 186, in get
    await getter
asyncio.exceptions.CancelledError

INFO:     Started server process [196700]
INFO:     Waiting for application startup.
INFO:     Application startup complete.
WARNING:  WatchFiles detected changes in 'tests\test_migration_cutover.py', 'app\platform_db.py'. Reloading...
INFO:     Shutting down
INFO:     Waiting for application shutdown.
INFO:     Application shutdown complete.
INFO:     Finished server process [196700]
WARNING:  WatchFiles detected changes in 'app\v1\models.py', 'app\operations\service.py', 'app\v1\core_service.py'. Reloading...
INFO:     Started server process [193392]
INFO:     Waiting for application startup.
INFO:     Application startup complete.
ERROR:    Traceback (most recent call last):
  File "C:\Users\1\AppData\Local\Programs\Python\Python313\Lib\asyncio\runners.py", line 118, in run
    return self._loop.run_until_complete(task)
           ~~~~~~~~~~~~~~~~~~~~~~~~~~~~~^^^^^^
  File "C:\Users\1\AppData\Local\Programs\Python\Python313\Lib\asyncio\base_events.py", line 725, in run_until_complete
    return future.result()
           ~~~~~~~~~~~~~^^
asyncio.exceptions.CancelledError

During handling of the above exception, another exception occurred:

Traceback (most recent call last):
  File "C:\Users\1\AppData\Local\Programs\Python\Python313\Lib\asyncio\runners.py", line 195, in run
    return runner.run(main)
           ~~~~~~~~~~^^^^^^
  File "C:\Users\1\AppData\Local\Programs\Python\Python313\Lib\asyncio\runners.py", line 123, in run
    raise KeyboardInterrupt()
KeyboardInterrupt

During handling of the above exception, another exception occurred:

Traceback (most recent call last):
  File "C:\Users\1\Documents\CRM\backend\.venv\Lib\site-packages\starlette\routing.py", line 701, in lifespan
    await receive()
  File "C:\Users\1\Documents\CRM\backend\.venv\Lib\site-packages\uvicorn\lifespan\on.py", line 137, in receive
    return await self.receive_queue.get()
           ^^^^^^^^^^^^^^^^^^^^^^^^^^^^^^
  File "C:\Users\1\AppData\Local\Programs\Python\Python313\Lib\asyncio\queues.py", line 186, in get
    await getter
asyncio.exceptions.CancelledError

INFO:     Started server process [185600]
INFO:     Waiting for application startup.
INFO:     Application startup complete.
WARNING:  WatchFiles detected changes in 'tests\test_operations_v1.py', 'tests\test_pdf_drive_workers.py', 'tests\test_full_lifecycle_v1.py'. Reloading...
INFO:     Shutting down
INFO:     Waiting for application shutdown.
INFO:     Application shutdown complete.
INFO:     Finished server process [185600]
WARNING:  WatchFiles detected changes in 'tests\test_v1_core.py'. Reloading...
INFO:     Started server process [150016]
INFO:     Waiting for application startup.
INFO:     Application startup complete.
ERROR:    Traceback (most recent call last):
  File "C:\Users\1\AppData\Local\Programs\Python\Python313\Lib\asyncio\runners.py", line 118, in run
    return self._loop.run_until_complete(task)
           ~~~~~~~~~~~~~~~~~~~~~~~~~~~~~^^^^^^
  File "C:\Users\1\AppData\Local\Programs\Python\Python313\Lib\asyncio\base_events.py", line 725, in run_until_complete
    return future.result()
           ~~~~~~~~~~~~~^^
asyncio.exceptions.CancelledError

During handling of the above exception, another exception occurred:

Traceback (most recent call last):
  File "C:\Users\1\AppData\Local\Programs\Python\Python313\Lib\asyncio\runners.py", line 195, in run
    return runner.run(main)
           ~~~~~~~~~~^^^^^^
  File "C:\Users\1\AppData\Local\Programs\Python\Python313\Lib\asyncio\runners.py", line 123, in run
    raise KeyboardInterrupt()
KeyboardInterrupt

During handling of the above exception, another exception occurred:

Traceback (most recent call last):
  File "C:\Users\1\Documents\CRM\backend\.venv\Lib\site-packages\starlette\routing.py", line 701, in lifespan
    await receive()
  File "C:\Users\1\Documents\CRM\backend\.venv\Lib\site-packages\uvicorn\lifespan\on.py", line 137, in receive
    return await self.receive_queue.get()
           ^^^^^^^^^^^^^^^^^^^^^^^^^^^^^^
  File "C:\Users\1\AppData\Local\Programs\Python\Python313\Lib\asyncio\queues.py", line 186, in get
    await getter
asyncio.exceptions.CancelledError

INFO:     Started server process [46976]
INFO:     Waiting for application startup.
INFO:     Application startup complete.
WARNING:  WatchFiles detected changes in 'app\operations\service.py'. Reloading...
INFO:     Shutting down
INFO:     Waiting for application shutdown.
INFO:     Application shutdown complete.
INFO:     Finished server process [46976]
WARNING:  WatchFiles detected changes in 'app\main.py', 'app\lead_enrichment\config.py', 'tests\test_credential_settings.py', 'app\integrations_v1\worker.py', 'tests\test_operations_v1.py', 'app\integrations_v1\router.py'. Reloading...
INFO:     Started server process [134908]
INFO:     Waiting for application startup.
INFO:     Application startup complete.
ERROR:    Traceback (most recent call last):
  File "C:\Users\1\AppData\Local\Programs\Python\Python313\Lib\asyncio\runners.py", line 118, in run
    return self._loop.run_until_complete(task)
           ~~~~~~~~~~~~~~~~~~~~~~~~~~~~~^^^^^^
  File "C:\Users\1\AppData\Local\Programs\Python\Python313\Lib\asyncio\base_events.py", line 725, in run_until_complete
    return future.result()
           ~~~~~~~~~~~~~^^
asyncio.exceptions.CancelledError

During handling of the above exception, another exception occurred:

Traceback (most recent call last):
  File "C:\Users\1\AppData\Local\Programs\Python\Python313\Lib\asyncio\runners.py", line 195, in run
    return runner.run(main)
           ~~~~~~~~~~^^^^^^
  File "C:\Users\1\AppData\Local\Programs\Python\Python313\Lib\asyncio\runners.py", line 123, in run
    raise KeyboardInterrupt()
KeyboardInterrupt

During handling of the above exception, another exception occurred:

Traceback (most recent call last):
  File "C:\Users\1\Documents\CRM\backend\.venv\Lib\site-packages\starlette\routing.py", line 701, in lifespan
    await receive()
  File "C:\Users\1\Documents\CRM\backend\.venv\Lib\site-packages\uvicorn\lifespan\on.py", line 137, in receive
    return await self.receive_queue.get()
           ^^^^^^^^^^^^^^^^^^^^^^^^^^^^^^
  File "C:\Users\1\AppData\Local\Programs\Python\Python313\Lib\asyncio\queues.py", line 186, in get
    await getter
asyncio.exceptions.CancelledError

INFO:     Started server process [191564]
INFO:     Waiting for application startup.
INFO:     Application startup complete.
WARNING:  WatchFiles detected changes in 'tests\test_integrations_v1.py'. Reloading...
INFO:     Shutting down
INFO:     Waiting for application shutdown.
INFO:     Application shutdown complete.
INFO:     Finished server process [191564]
WARNING:  WatchFiles detected changes in 'tests\test_platform_resilience.py', 'tests\test_integrations_v1.py', 'app\integrations_v1\google.py', 'app\integrations_v1\worker.py'. Reloading...
INFO:     Started server process [177028]
INFO:     Waiting for application startup.
INFO:     Application startup complete.
ERROR:    Traceback (most recent call last):
  File "C:\Users\1\AppData\Local\Programs\Python\Python313\Lib\asyncio\runners.py", line 118, in run
    return self._loop.run_until_complete(task)
           ~~~~~~~~~~~~~~~~~~~~~~~~~~~~~^^^^^^
  File "C:\Users\1\AppData\Local\Programs\Python\Python313\Lib\asyncio\base_events.py", line 725, in run_until_complete
    return future.result()
           ~~~~~~~~~~~~~^^
asyncio.exceptions.CancelledError

During handling of the above exception, another exception occurred:

Traceback (most recent call last):
  File "C:\Users\1\AppData\Local\Programs\Python\Python313\Lib\asyncio\runners.py", line 195, in run
    return runner.run(main)
           ~~~~~~~~~~^^^^^^
  File "C:\Users\1\AppData\Local\Programs\Python\Python313\Lib\asyncio\runners.py", line 123, in run
    raise KeyboardInterrupt()
KeyboardInterrupt

During handling of the above exception, another exception occurred:

Traceback (most recent call last):
  File "C:\Users\1\Documents\CRM\backend\.venv\Lib\site-packages\starlette\routing.py", line 701, in lifespan
    await receive()
  File "C:\Users\1\Documents\CRM\backend\.venv\Lib\site-packages\uvicorn\lifespan\on.py", line 137, in receive
    return await self.receive_queue.get()
           ^^^^^^^^^^^^^^^^^^^^^^^^^^^^^^
  File "C:\Users\1\AppData\Local\Programs\Python\Python313\Lib\asyncio\queues.py", line 186, in get
    await getter
asyncio.exceptions.CancelledError

INFO:     Started server process [155144]
INFO:     Waiting for application startup.
INFO:     Application startup complete.
WARNING:  WatchFiles detected changes in 'app\integrations_v1\router.py'. Reloading...
INFO:     Shutting down
INFO:     Waiting for application shutdown.
INFO:     Application shutdown complete.
INFO:     Finished server process [155144]
WARNING:  WatchFiles detected changes in 'app\v1\router.py', 'tests\test_pdf_drive_workers.py', 'app\operations\router.py', 'app\integrations_v1\worker.py', 'app\integrations_v1\google.py'. Reloading...
INFO:     Started server process [184992]
INFO:     Waiting for application startup.
INFO:     Application startup complete.
ERROR:    Traceback (most recent call last):
  File "C:\Users\1\AppData\Local\Programs\Python\Python313\Lib\asyncio\runners.py", line 118, in run
    return self._loop.run_until_complete(task)
           ~~~~~~~~~~~~~~~~~~~~~~~~~~~~~^^^^^^
  File "C:\Users\1\AppData\Local\Programs\Python\Python313\Lib\asyncio\base_events.py", line 725, in run_until_complete
    return future.result()
           ~~~~~~~~~~~~~^^
asyncio.exceptions.CancelledError

During handling of the above exception, another exception occurred:

Traceback (most recent call last):
  File "C:\Users\1\AppData\Local\Programs\Python\Python313\Lib\asyncio\runners.py", line 195, in run
    return runner.run(main)
           ~~~~~~~~~~^^^^^^
  File "C:\Users\1\AppData\Local\Programs\Python\Python313\Lib\asyncio\runners.py", line 123, in run
    raise KeyboardInterrupt()
KeyboardInterrupt

During handling of the above exception, another exception occurred:

Traceback (most recent call last):
  File "C:\Users\1\Documents\CRM\backend\.venv\Lib\site-packages\starlette\routing.py", line 701, in lifespan
    await receive()
  File "C:\Users\1\Documents\CRM\backend\.venv\Lib\site-packages\uvicorn\lifespan\on.py", line 137, in receive
    return await self.receive_queue.get()
           ^^^^^^^^^^^^^^^^^^^^^^^^^^^^^^
  File "C:\Users\1\AppData\Local\Programs\Python\Python313\Lib\asyncio\queues.py", line 186, in get
    await getter
asyncio.exceptions.CancelledError

INFO:     Started server process [65772]
INFO:     Waiting for application startup.
INFO:     Application startup complete.
WARNING:  WatchFiles detected changes in 'tests\test_v1_core.py'. Reloading...
INFO:     Shutting down
INFO:     Waiting for application shutdown.
INFO:     Application shutdown complete.
INFO:     Finished server process [65772]
WARNING:  WatchFiles detected changes in 'app\v1\core_service.py', 'app\integrations_v1\worker.py', 'tests\test_operations_v1.py', 'app\integrations_v1\google.py'. Reloading...
INFO:     Started server process [47936]
INFO:     Waiting for application startup.
INFO:     Application startup complete.
ERROR:    Traceback (most recent call last):
  File "C:\Users\1\AppData\Local\Programs\Python\Python313\Lib\asyncio\runners.py", line 118, in run
    return self._loop.run_until_complete(task)
           ~~~~~~~~~~~~~~~~~~~~~~~~~~~~~^^^^^^
  File "C:\Users\1\AppData\Local\Programs\Python\Python313\Lib\asyncio\base_events.py", line 725, in run_until_complete
    return future.result()
           ~~~~~~~~~~~~~^^
asyncio.exceptions.CancelledError

During handling of the above exception, another exception occurred:

Traceback (most recent call last):
  File "C:\Users\1\AppData\Local\Programs\Python\Python313\Lib\asyncio\runners.py", line 195, in run
    return runner.run(main)
           ~~~~~~~~~~^^^^^^
  File "C:\Users\1\AppData\Local\Programs\Python\Python313\Lib\asyncio\runners.py", line 123, in run
    raise KeyboardInterrupt()
KeyboardInterrupt

During handling of the above exception, another exception occurred:

Traceback (most recent call last):
  File "C:\Users\1\Documents\CRM\backend\.venv\Lib\site-packages\starlette\routing.py", line 701, in lifespan
    await receive()
  File "C:\Users\1\Documents\CRM\backend\.venv\Lib\site-packages\uvicorn\lifespan\on.py", line 137, in receive
    return await self.receive_queue.get()
           ^^^^^^^^^^^^^^^^^^^^^^^^^^^^^^
  File "C:\Users\1\AppData\Local\Programs\Python\Python313\Lib\asyncio\queues.py", line 186, in get
    await getter
asyncio.exceptions.CancelledError

INFO:     Started server process [171344]
INFO:     Waiting for application startup.
INFO:     Application startup complete.
WARNING:  WatchFiles detected changes in 'tests\test_google_sync_persistence.py'. Reloading...
INFO:     Shutting down
INFO:     Waiting for application shutdown.
INFO:     Application shutdown complete.
INFO:     Finished server process [171344]
WARNING:  WatchFiles detected changes in 'app\operations\schema.py', 'app\integrations_v1\worker.py', 'tests\test_operations_v1.py', 'app\operations\service.py'. Reloading...
INFO:     Started server process [197052]
INFO:     Waiting for application startup.
INFO:     Application startup complete.
ERROR:    Traceback (most recent call last):
  File "C:\Users\1\AppData\Local\Programs\Python\Python313\Lib\asyncio\runners.py", line 118, in run
    return self._loop.run_until_complete(task)
           ~~~~~~~~~~~~~~~~~~~~~~~~~~~~~^^^^^^
  File "C:\Users\1\AppData\Local\Programs\Python\Python313\Lib\asyncio\base_events.py", line 725, in run_until_complete
    return future.result()
           ~~~~~~~~~~~~~^^
asyncio.exceptions.CancelledError

During handling of the above exception, another exception occurred:

Traceback (most recent call last):
  File "C:\Users\1\AppData\Local\Programs\Python\Python313\Lib\asyncio\runners.py", line 195, in run
    return runner.run(main)
           ~~~~~~~~~~^^^^^^
  File "C:\Users\1\AppData\Local\Programs\Python\Python313\Lib\asyncio\runners.py", line 123, in run
    raise KeyboardInterrupt()
KeyboardInterrupt

During handling of the above exception, another exception occurred:

Traceback (most recent call last):
  File "C:\Users\1\Documents\CRM\backend\.venv\Lib\site-packages\starlette\routing.py", line 701, in lifespan
    await receive()
  File "C:\Users\1\Documents\CRM\backend\.venv\Lib\site-packages\uvicorn\lifespan\on.py", line 137, in receive
    return await self.receive_queue.get()
           ^^^^^^^^^^^^^^^^^^^^^^^^^^^^^^
  File "C:\Users\1\AppData\Local\Programs\Python\Python313\Lib\asyncio\queues.py", line 186, in get
    await getter
asyncio.exceptions.CancelledError

INFO:     Started server process [189732]
INFO:     Waiting for application startup.
INFO:     Application startup complete.
WARNING:  WatchFiles detected changes in 'app\integrations_v1\worker.py'. Reloading...
INFO:     Shutting down
INFO:     Waiting for application shutdown.
INFO:     Application shutdown complete.
INFO:     Finished server process [189732]
WARNING:  WatchFiles detected changes in 'tests\test_full_lifecycle_v1.py', 'app\operations\service.py'. Reloading...
INFO:     Started server process [175396]
INFO:     Waiting for application startup.
INFO:     Application startup complete.
ERROR:    Traceback (most recent call last):
  File "C:\Users\1\AppData\Local\Programs\Python\Python313\Lib\asyncio\runners.py", line 118, in run
    return self._loop.run_until_complete(task)
           ~~~~~~~~~~~~~~~~~~~~~~~~~~~~~^^^^^^
  File "C:\Users\1\AppData\Local\Programs\Python\Python313\Lib\asyncio\base_events.py", line 725, in run_until_complete
    return future.result()
           ~~~~~~~~~~~~~^^
asyncio.exceptions.CancelledError

During handling of the above exception, another exception occurred:

Traceback (most recent call last):
  File "C:\Users\1\AppData\Local\Programs\Python\Python313\Lib\asyncio\runners.py", line 195, in run
    return runner.run(main)
           ~~~~~~~~~~^^^^^^
  File "C:\Users\1\AppData\Local\Programs\Python\Python313\Lib\asyncio\runners.py", line 123, in run
    raise KeyboardInterrupt()
KeyboardInterrupt

During handling of the above exception, another exception occurred:

Traceback (most recent call last):
  File "C:\Users\1\Documents\CRM\backend\.venv\Lib\site-packages\starlette\routing.py", line 701, in lifespan
    await receive()
  File "C:\Users\1\Documents\CRM\backend\.venv\Lib\site-packages\uvicorn\lifespan\on.py", line 137, in receive
    return await self.receive_queue.get()
           ^^^^^^^^^^^^^^^^^^^^^^^^^^^^^^
  File "C:\Users\1\AppData\Local\Programs\Python\Python313\Lib\asyncio\queues.py", line 186, in get
    await getter
asyncio.exceptions.CancelledError

INFO:     Started server process [165252]
INFO:     Waiting for application startup.
INFO:     Application startup complete.
WARNING:  WatchFiles detected changes in 'app\integrations_v1\google.py'. Reloading...
INFO:     Shutting down
INFO:     Waiting for application shutdown.
INFO:     Application shutdown complete.
INFO:     Finished server process [165252]
WARNING:  WatchFiles detected changes in 'app\integrations_v1\router.py'. Reloading...
INFO:     Started server process [202368]
INFO:     Waiting for application startup.
INFO:     Application startup complete.
ERROR:    Traceback (most recent call last):
  File "C:\Users\1\AppData\Local\Programs\Python\Python313\Lib\asyncio\runners.py", line 118, in run
    return self._loop.run_until_complete(task)
           ~~~~~~~~~~~~~~~~~~~~~~~~~~~~~^^^^^^
  File "C:\Users\1\AppData\Local\Programs\Python\Python313\Lib\asyncio\base_events.py", line 725, in run_until_complete
    return future.result()
           ~~~~~~~~~~~~~^^
asyncio.exceptions.CancelledError

During handling of the above exception, another exception occurred:

Traceback (most recent call last):
  File "C:\Users\1\AppData\Local\Programs\Python\Python313\Lib\asyncio\runners.py", line 195, in run
    return runner.run(main)
           ~~~~~~~~~~^^^^^^
  File "C:\Users\1\AppData\Local\Programs\Python\Python313\Lib\asyncio\runners.py", line 123, in run
    raise KeyboardInterrupt()
KeyboardInterrupt

During handling of the above exception, another exception occurred:

Traceback (most recent call last):
  File "C:\Users\1\Documents\CRM\backend\.venv\Lib\site-packages\starlette\routing.py", line 701, in lifespan
    await receive()
  File "C:\Users\1\Documents\CRM\backend\.venv\Lib\site-packages\uvicorn\lifespan\on.py", line 137, in receive
    return await self.receive_queue.get()
           ^^^^^^^^^^^^^^^^^^^^^^^^^^^^^^
  File "C:\Users\1\AppData\Local\Programs\Python\Python313\Lib\asyncio\queues.py", line 186, in get
    await getter
asyncio.exceptions.CancelledError

INFO:     Started server process [183620]
INFO:     Waiting for application startup.
INFO:     Application startup complete.
WARNING:  WatchFiles detected changes in '.venv\Lib\site-packages\sortedcontainers\sortedlist.py', '.venv\Lib\site-packages\tomli\__init__.py', '.venv\Lib\site-packages\pygments\lexers\css.py', '.venv\Lib\site-packages\pygments\styles\xcode.py', '.venv\Lib\site-packages\pygments\lexers\_cl_builtins.py', '.venv\Lib\site-packages\pygments\lexers\_openedge_builtins.py', '.venv\Lib\site-packages\pygments\lexers\procfile.py', '.venv\Lib\site-packages\pygments\formatters\html.py', '.venv\Lib\site-packages\pygments\lexers\_sourcemod_builtins.py', '.venv\Lib\site-packages\pygments\lexers\shell.py', '.venv\Lib\site-packages\pygments\lexers\d.py', '.venv\Lib\site-packages\pygments\lexers\textedit.py', '.venv\Lib\site-packages\pygments\lexers\fift.py', '.venv\Lib\site-packages\pygments\styles\friendly_grayscale.py', '.venv\Lib\site-packages\pygments\lexers\__init__.py', '.venv\Lib\site-packages\pygments\styles\bw.py', '.venv\Lib\site-packages\pygments\lexers\vyper.py', '.venv\Lib\site-packages\pygments\lexers\compiled.py', '.venv\Lib\site-packages\tomli_w\__init__.py', '.venv\Lib\site-packages\pygments\lexers\ecl.py', '.venv\Lib\site-packages\pygments\plugin.py', '.venv\Lib\site-packages\sortedcontainers\sortedset.py', '.venv\Lib\site-packages\pygments\scanner.py', '.venv\Lib\site-packages\pygments\lexers\devicetree.py', '.venv\Lib\site-packages\pygments\styles\zenburn.py', '.venv\Lib\site-packages\pygments\lexers\boa.py', '.venv\Lib\site-packages\sortedcontainers\sorteddict.py', '.venv\Lib\site-packages\pygments\formatters\latex.py', '.venv\Lib\site-packages\pygments\styles\inkpot.py', '.venv\Lib\site-packages\pygments\util.py', '.venv\Lib\site-packages\pygments\lexers\comal.py', '.venv\Lib\site-packages\pygments\lexers\ambient.py', '.venv\Lib\site-packages\tomli\_re.py', '.venv\Lib\site-packages\pygments\lexer.py', '.venv\Lib\site-packages\pygments\formatters\irc.py', '.venv\Lib\site-packages\pygments\lexers\forth.py', '.venv\Lib\site-packages\pygments\lexers\functional.py', '.venv\Lib\site-packages\pygments\lexers\testing.py', '.venv\Lib\site-packages\pygments\lexers\theorem.py', '.venv\Lib\site-packages\pygments\lexers\dsls.py', '.venv\Lib\site-packages\pygments\lexers\whiley.py', '.venv\Lib\site-packages\pygments\lexers\pointless.py', '.venv\Lib\site-packages\pygments\lexers\smalltalk.py', '.venv\Lib\site-packages\pygments\lexers\bdd.py', '.venv\Lib\site-packages\pygments\styles\rrt.py', '.venv\Lib\site-packages\pygments\lexers\wren.py', '.venv\Lib\site-packages\pygments\styles\dracula.py', '.venv\Lib\site-packages\pygments\lexers\tlb.py', '.venv\Lib\site-packages\pygments\__init__.py', '.venv\Lib\site-packages\pygments\lexers\savi.py', '.venv\Lib\site-packages\pygments\lexers\cplint.py', '.venv\Lib\site-packages\pygments\lexers\basic.py', '.venv\Lib\site-packages\pygments\lexers\_sql_builtins.py', '.venv\Lib\site-packages\pygments\styles\default.py', '.venv\Lib\site-packages\pygments\styles\igor.py', '.venv\Lib\site-packages\pygments\lexers\tls.py', '.venv\Lib\site-packages\pygments\modeline.py', '.venv\Lib\site-packages\pygments\styles\colorful.py', '.venv\Lib\site-packages\pygments\lexers\trafficscript.py', '.venv\Lib\site-packages\pygments\lexers\bqn.py', '.venv\Lib\site-packages\pygments\lexers\rust.py', '.venv\Lib\site-packages\pygments\lexers\srcinfo.py', '.venv\Lib\site-packages\pygments\lexers\stata.py', '.venv\Lib\site-packages\pygments\lexers\text.py', '.venv\Lib\site-packages\pygments\lexers\phix.py', '.venv\Lib\site-packages\pygments\lexers\csound.py', '.venv\Lib\site-packages\pygments\styles\solarized.py', '.venv\Lib\site-packages\pygments\lexers\sql.py', '.venv\Lib\site-packages\pygments\lexers\erlang.py', '.venv\Lib\site-packages\pygments\lexers\web.py', '.venv\Lib\site-packages\pygments\lexers\dax.py', '.venv\Lib\site-packages\pygments\lexers\usd.py', '.venv\Lib\site-packages\pygments\lexers\hdl.py', '.venv\Lib\site-packages\pygments\lexers\elm.py', '.venv\Lib\site-packages\pygments\lexers\console.py', '.venv\Lib\site-packages\pygments\lexers\bibtex.py', '.venv\Lib\site-packages\pygments\styles\algol.py', '.venv\Lib\site-packages\pygments\lexers\resource.py', '.venv\Lib\site-packages\pygments\lexers\_usd_builtins.py', '.venv\Lib\site-packages\pygments\styles\monokai.py', '.venv\Lib\site-packages\pygments\lexers\apl.py', '.venv\Lib\site-packages\pygments\lexers\dalvik.py', '.venv\Lib\site-packages\pygments\styles\pastie.py', '.venv\Lib\site-packages\pygments\lexers\teal.py', '.venv\Lib\site-packages\pygments\lexers\roboconf.py', '.venv\Lib\site-packages\pygments\lexers\_googlesql_builtins.py', '.venv\Lib\site-packages\pygments\sphinxext.py', '.venv\Lib\site-packages\pygments\lexers\_lilypond_builtins.py', '.venv\Lib\site-packages\pygments\lexers\soong.py', '.venv\Lib\site-packages\pygments\styles\algol_nu.py', '.venv\Lib\site-packages\boolean\test_boolean.py', '.venv\Lib\site-packages\pygments\lexers\archetype.py', '.venv\Lib\site-packages\pygments\lexers\freefem.py', '.venv\Lib\site-packages\pygments\lexers\eiffel.py', '.venv\Lib\site-packages\pygments\lexers\fortran.py', '.venv\Lib\site-packages\pygments\lexers\urbi.py', '.venv\Lib\site-packages\pygments\lexers\_luau_builtins.py', '.venv\Lib\site-packages\pygments\styles\emacs.py', '.venv\Lib\site-packages\pygments\styles\borland.py', '.venv\Lib\site-packages\pygments\lexers\_julia_builtins.py', '.venv\Lib\site-packages\pygments\console.py', '.venv\Lib\site-packages\pygments\lexers\sieve.py', '.venv\Lib\site-packages\pygments\filter.py', '.venv\Lib\site-packages\pygments\styles\nord.py', '.venv\Lib\site-packages\pygments\styles\arduino.py', '.venv\Lib\site-packages\pygments\styles\stata_light.py', '.venv\Lib\site-packages\pygments\lexers\qlik.py', '.venv\Lib\site-packages\pygments\lexers\haskell.py', '.venv\Lib\site-packages\pygments\lexers\blueprint.py', '.venv\Lib\site-packages\pygments\lexers\agile.py', '.venv\Lib\site-packages\pygments\lexers\bare.py', '.venv\Lib\site-packages\pygments\lexers\graphql.py', '.venv\Lib\site-packages\pygments\lexers\_mysql_builtins.py', '.venv\Lib\site-packages\pygments\styles\lightbulb.py', '.venv\Lib\site-packages\pygments\lexers\codeql.py', '.venv\Lib\site-packages\pygments\lexers\data.py', '.venv\Lib\site-packages\tomli\_parser.py', '.venv\Lib\site-packages\pygments\styles\sas.py', '.venv\Lib\site-packages\pygments\styles\__init__.py', '.venv\Lib\site-packages\pygments\lexers\rdf.py', '.venv\Lib\site-packages\pygments\lexers\templates.py', '.venv\Lib\site-packages\pygments\lexers\c_cpp.py', '.venv\Lib\site-packages\pygments\styles\staroffice.py', '.venv\Lib\site-packages\pygments\lexers\_mapping.py', '.venv\Lib\site-packages\pygments\styles\lovelace.py', '.venv\Lib\site-packages\pygments\lexers\praat.py', '.venv\Lib\site-packages\pygments\lexers\haxe.py', '.venv\Lib\site-packages\pygments\lexers\_scheme_builtins.py', '.venv\Lib\site-packages\pygments\lexers\carbon.py', '.venv\Lib\site-packages\pygments\lexers\ruby.py', '.venv\Lib\site-packages\pygments\lexers\felix.py', '.venv\Lib\site-packages\pygments\lexers\_vim_builtins.py', '.venv\Lib\site-packages\pygments\lexers\verification.py', '.venv\Lib\site-packages\pygments\__main__.py', '.venv\Lib\site-packages\pygments\lexers\crystal.py', '.venv\Lib\site-packages\pygments\styles\stata_dark.py', '.venv\Lib\site-packages\pygments\lexers\_cocoa_builtins.py', '.venv\Lib\site-packages\pygments\lexers\yara.py', '.venv\Lib\site-packages\pygments\lexers\graphviz.py', '.venv\Lib\site-packages\tomli\_types.py', '.venv\Lib\site-packages\pygments\lexers\tal.py', '.venv\Lib\site-packages\sortedcontainers\__init__.py', '.venv\Lib\site-packages\pygments\lexers\_lasso_builtins.py', '.venv\Lib\site-packages\pygments\formatters\__init__.py', '.venv\Lib\site-packages\pygments\styles\perldoc.py', '.venv\Lib\site-packages\pygments\lexers\_tsql_builtins.py', '.venv\Lib\site-packages\pygments\lexers\configs.py', '.venv\Lib\site-packages\pygments\lexers\xorg.py', '.venv\Lib\site-packages\pygments\lexers\capnproto.py', '.venv\Lib\site-packages\pygments\lexers\cddl.py', '.venv\Lib\site-packages\pygments\lexers\php.py', '.venv\Lib\site-packages\pygments\lexers\solidity.py', '.venv\Lib\site-packages\pygments\lexers\_scilab_builtins.py', '.venv\Lib\site-packages\pygments\lexers\fantom.py', '.venv\Lib\site-packages\pygments\filters\__init__.py', '.venv\Lib\site-packages\pygments\lexers\typoscript.py', '.venv\Lib\site-packages\pygments\lexers\sophia.py', '.venv\Lib\site-packages\pygments\styles\abap.py', '.venv\Lib\site-packages\pygments\lexers\tnt.py', '.venv\Lib\site-packages\pygments\lexers\_mql_builtins.py', '.venv\Lib\site-packages\pygments\lexers\business.py', '.venv\Lib\site-packages\pygments\lexers\_css_builtins.py', '.venv\Lib\site-packages\pygments\lexers\actionscript.py', '.venv\Lib\site-packages\pygments\lexers\webassembly.py', '.venv\Lib\site-packages\pygments\lexers\email.py', '.venv\Lib\site-packages\pygments\lexers\webmisc.py', '.venv\Lib\site-packages\pygments\lexers\_csound_builtins.py', '.venv\Lib\site-packages\pygments\lexers\dotnet.py', '.venv\Lib\site-packages\pygments\lexers\clean.py', '.venv\Lib\site-packages\pygments\lexers\_stan_builtins.py', '.venv\Lib\site-packages\pygments\lexers\textfmts.py', '.venv\Lib\site-packages\pygments\lexers\html.py', '.venv\Lib\site-packages\pygments\lexers\wgsl.py', '.venv\Lib\site-packages\pygments\lexers\_vbscript_builtins.py', '.venv\Lib\site-packages\pygments\lexers\hare.py', '.venv\Lib\site-packages\pygments\lexers\sas.py', '.venv\Lib\site-packages\pygments\formatters\terminal256.py', '.venv\Lib\site-packages\pygments\lexers\diff.py', '.venv\Lib\site-packages\pygments\formatter.py', '.venv\Lib\site-packages\pygments\lexers\floscript.py', '.venv\Lib\site-packages\pygments\lexers\gdscript.py', '.venv\Lib\site-packages\pygments\lexers\apdlexer.py', '.venv\Lib\site-packages\pygments\lexers\snobol.py', '.venv\Lib\site-packages\pygments\lexers\_postgres_builtins.py', '.venv\Lib\site-packages\pygments\lexers\slash.py', '.venv\Lib\site-packages\pygments\styles\paraiso_light.py', '.venv\Lib\site-packages\pygments\lexers\sgf.py', '.venv\Lib\site-packages\pygments\styles\gruvbox.py', '.venv\Lib\site-packages\boolean\__init__.py', '.venv\Lib\site-packages\pygments\formatters\groff.py', '.venv\Lib\site-packages\pygments\lexers\rell.py', '.venv\Lib\site-packages\pygments\lexers\_asy_builtins.py', '.venv\Lib\site-packages\pygments\lexers\ada.py', '.venv\Lib\site-packages\pygments\lexers\automation.py', '.venv\Lib\site-packages\pygments\styles\autumn.py', '.venv\Lib\site-packages\pygments\lexers\foxpro.py', '.venv\Lib\site-packages\pygments\lexers\rita.py', '.venv\Lib\site-packages\pygments\styles\rainbow_dash.py', '.venv\Lib\site-packages\pygments\formatters\terminal.py', '.venv\Lib\site-packages\pygments\lexers\pony.py', '.venv\Lib\site-packages\pygments\lexers\special.py', '.venv\Lib\site-packages\pygments\lexers\amdgpu.py', '.venv\Lib\site-packages\pygments\lexers\func.py', '.venv\Lib\site-packages\pygments\lexers\varnish.py', '.venv\Lib\site-packages\pygments\lexers\arrow.py', '.venv\Lib\site-packages\pygments\formatters\other.py', '.venv\Lib\site-packages\pygments\lexers\verifpal.py', '.venv\Lib\site-packages\pygments\styles\manni.py', '.venv\Lib\site-packages\pygments\lexers\unicon.py', '.venv\Lib\site-packages\pygments\styles\fruity.py', '.venv\Lib\site-packages\pygments\lexers\vip.py', '.venv\Lib\site-packages\pygments\styles\vim.py', '.venv\Lib\site-packages\pygments\lexers\supercollider.py', '.venv\Lib\site-packages\pygments\lexers\tcl.py', '.venv\Lib\site-packages\pygments\lexers\graphics.py', '.venv\Lib\site-packages\pygments\styles\paraiso_dark.py', '.venv\Lib\site-packages\pygments\token.py', '.venv\Lib\site-packages\pygments\lexers\elpi.py', '.venv\Lib\site-packages\pygments\styles\_mapping.py', '.venv\Lib\site-packages\pygments\lexers\teraterm.py', '.venv\Lib\site-packages\pygments\styles\tango.py', '.venv\Lib\site-packages\pygments\lexers\scripting.py', '.venv\Lib\site-packages\pygments\styles\material.py', '.venv\Lib\site-packages\pygments\lexers\_qlik_builtins.py', '.venv\Lib\site-packages\pygments\lexers\q.py', '.venv\Lib\site-packages\pygments\formatters\rtf.py', '.venv\Lib\site-packages\pygments\lexers\wowtoc.py', '.venv\Lib\site-packages\pygments\lexers\spice.py', '.venv\Lib\site-packages\pygments\lexers\scdoc.py', '.venv\Lib\site-packages\pygments\lexers\algebra.py', '.venv\Lib\site-packages\pygments\lexers\typst.py', '.venv\Lib\site-packages\pygments\lexers\_stata_builtins.py', '.venv\Lib\site-packages\boolean\boolean.py', '.venv\Lib\site-packages\pygments\lexers\python.py', '.venv\Lib\site-packages\pygments\lexers\dylan.py', '.venv\Lib\site-packages\pygments\unistring.py', '.venv\Lib\site-packages\pygments\lexers\prolog.py', '.venv\Lib\site-packages\pygments\styles\lilypond.py', '.venv\Lib\site-packages\pygments\lexers\graph.py', '.venv\Lib\site-packages\pygments\lexers\tact.py', '.venv\Lib\site-packages\pygments\lexers\dns.py', '.venv\Lib\site-packages\pygments\styles\murphy.py', '.venv\Lib\site-packages\pygments\lexers\chapel.py', '.venv\Lib\site-packages\pygments\lexers\asm.py', '.venv\Lib\site-packages\pygments\lexers\_lua_builtins.py', '.venv\Lib\site-packages\pygments\lexers\ptx.py', '.venv\Lib\site-packages\pygments\styles\coffee.py', '.venv\Lib\site-packages\pygments\lexers\grammar_notation.py', '.venv\Lib\site-packages\pygments\styles\gh_dark.py', '.venv\Lib\site-packages\pygments\lexers\ampl.py', '.venv\Lib\site-packages\pygments\regexopt.py', '.venv\Lib\site-packages\pygments\styles\friendly.py', '.venv\Lib\site-packages\pygments\lexers\_php_builtins.py', '.venv\Lib\site-packages\tomli_w\_writer.py', '.venv\Lib\site-packages\pygments\lexers\gleam.py', '.venv\Lib\site-packages\pygments\styles\trac.py', '.venv\Lib\site-packages\pygments\lexers\webidl.py', '.venv\Lib\site-packages\pygments\lexers\go.py', '.venv\Lib\site-packages\pygments\lexers\asc.py', '.venv\Lib\site-packages\pygments\lexers\rebol.py', '.venv\Lib\site-packages\pygments\formatters\_mapping.py', '.venv\Lib\site-packages\pygments\lexers\ezhil.py', '.venv\Lib\site-packages\pygments\style.py', '.venv\Lib\site-packages\pygments\lexers\berry.py', '.venv\Lib\site-packages\pygments\lexers\ride.py', '.venv\Lib\site-packages\pygments\lexers\thingsdb.py', '.venv\Lib\site-packages\pygments\lexers\gcodelexer.py', '.venv\Lib\site-packages\pygments\lexers\futhark.py', '.venv\Lib\site-packages\pygments\formatters\pangomarkup.py', '.venv\Lib\site-packages\pygments\lexers\arturo.py', '.venv\Lib\site-packages\pygments\formatters\img.py', '.venv\Lib\site-packages\pygments\lexers\zig.py', '.venv\Lib\site-packages\pygments\lexers\idl.py', '.venv\Lib\site-packages\pygments\lexers\perl.py', '.venv\Lib\site-packages\pygments\lexers\esoteric.py', '.venv\Lib\site-packages\pygments\lexers\qvt.py', '.venv\Lib\site-packages\pygments\lexers\rego.py', '.venv\Lib\site-packages\pygments\lexers\tablegen.py', '.venv\Lib\site-packages\pygments\lexers\hexdump.py', '.venv\Lib\site-packages\pygments\cmdline.py', '.venv\Lib\site-packages\pygments\lexers\x10.py', '.venv\Lib\site-packages\pygments\lexers\yang.py', '.venv\Lib\site-packages\pygments\lexers\factor.py', '.venv\Lib\site-packages\pygments\lexers\robotframework.py', '.venv\Lib\site-packages\pygments\lexers\smv.py', '.venv\Lib\site-packages\pygments\lexers\smithy.py', '.venv\Lib\site-packages\pygments\formatters\bbcode.py', '.venv\Lib\site-packages\pygments\lexers\rnc.py', '.venv\Lib\site-packages\pygments\lexers\c_like.py', '.venv\Lib\site-packages\pygments\lexers\promql.py', '.venv\Lib\site-packages\pygments\styles\onedark.py', '.venv\Lib\site-packages\pygments\formatters\svg.py', '.venv\Lib\site-packages\pygments\lexers\r.py', '.venv\Lib\site-packages\pygments\lexers\ul4.py', '.venv\Lib\site-packages\pygments\lexers\gsql.py', '.venv\Lib\site-packages\pygments\lexers\asn1.py', '.venv\Lib\site-packages\pygments\lexers\_ada_builtins.py', '.venv\Lib\site-packages\pygments\styles\native.py', '.venv\Lib\site-packages\pygments\styles\vs.py', '.venv\Lib\site-packages\pygments\lexers\prql.py'. Reloading...
INFO:     Shutting down
INFO:     Waiting for application shutdown.
INFO:     Application shutdown complete.
INFO:     Finished server process [183620]
WARNING:  WatchFiles detected changes in 'app\v1\router.py', '.venv\Lib\site-packages\~astapi\openapi\models.py', '.venv\Lib\site-packages\starlette\authentication.py', '.venv\Lib\site-packages\~astapi\types.py', '.venv\Lib\site-packages\~astapi\cli.py', '.venv\Lib\site-packages\rich\_unicode_data\unicode5-2-0.py', '.venv\Lib\site-packages\~astapi\openapi\constants.py', '.venv\Lib\site-packages\rich\json.py', '.venv\Lib\site-packages\~tarlette\templating.py', '.venv\Lib\site-packages\markdown_it\rules_core\block.py', '.venv\Lib\site-packages\markdown_it\rules_inline\link.py', '.venv\Lib\site-packages\defusedxml\ElementTree.py', '.venv\Lib\site-packages\cachecontrol\_cmd.py', '.venv\Lib\site-packages\starlette\concurrency.py', '.venv\Lib\site-packages\starlette\middleware\base.py', '.venv\Lib\site-packages\packageurl\contrib\url2purl.py', '.venv\Lib\site-packages\rich\__init__.py', '.venv\Lib\site-packages\pydantic_settings\sources\providers\nested_secrets.py', '.venv\Lib\site-packages\starlette\_exception_handler.py', '.venv\Lib\site-packages\rich\color.py', '.venv\Lib\site-packages\~ydantic_settings\sources\base.py', '.venv\Lib\site-packages\mdurl\__init__.py', '.venv\Lib\site-packages\fastapi\security\oauth2.py', '.venv\Lib\site-packages\fastapi\openapi\docs.py', '.venv\Lib\site-packages\markdown_it\common\entities.py', '.venv\Lib\site-packages\rich\scope.py', '.venv\Lib\site-packages\markdown_it\renderer.py', '.venv\Lib\site-packages\pip_audit\_format\columns.py', '.venv\Lib\site-packages\cyclonedx\contrib\hash\factories.py', '.venv\Lib\site-packages\fastapi\dependencies\utils.py', '.venv\Lib\site-packages\pip_api\_pep650.py', '.venv\Lib\site-packages\rich\protocol.py', '.venv\Lib\site-packages\pip_audit\_dependency_source\requirement.py', '.venv\Lib\site-packages\~tarlette\middleware\cors.py', '.venv\Lib\site-packages\rich\file_proxy.py', '.venv\Lib\site-packages\defusedxml\expatbuilder.py', '.venv\Lib\site-packages\~astapi\security\open_id_connect_url.py', '.venv\Lib\site-packages\~tarlette\middleware\__init__.py', '.venv\Lib\site-packages\cyclonedx\contrib\hash\__init__.py', '.venv\Lib\site-packages\pip_audit\_service\pypi.py', '.venv\Lib\site-packages\~tarlette\datastructures.py', '.venv\Lib\site-packages\cachecontrol\__init__.py', '.venv\Lib\site-packages\pip_api\__init__.py', '.venv\Lib\site-packages\mdurl\_decode.py', '.venv\Lib\site-packages\~astapi\openapi\docs.py', '.venv\Lib\site-packages\pip_audit\_format\cyclonedx.py', '.venv\Lib\site-packages\rich\abc.py', '.venv\Lib\site-packages\markdown_it\rules_core\state_core.py', '.venv\Lib\site-packages\rich\region.py', '.venv\Lib\site-packages\rich\_unicode_data\unicode9-0-0.py', '.venv\Lib\site-packages\msgpack\__init__.py', '.venv\Lib\site-packages\rich\logging.py', '.venv\Lib\site-packages\rich\progress.py', '.venv\Lib\site-packages\markdown_it\rules_block\__init__.py', '.venv\Lib\site-packages\pip_audit\_format\__init__.py', '.venv\Lib\site-packages\platformdirs\macos.py', '.venv\Lib\site-packages\~ydantic_settings\sources\types.py', '.venv\Lib\site-packages\cyclonedx\__init__.py', '.venv\Lib\site-packages\rich\_timer.py', '.venv\Lib\site-packages\markdown_it\common\__init__.py', '.venv\Lib\site-packages\markdown_it\rules_inline\autolink.py', '.venv\Lib\site-packages\packageurl\contrib\django\filters.py', '.venv\Lib\site-packages\pip_audit\_fix.py', '.venv\Lib\site-packages\pydantic_settings\sources\providers\__init__.py', '.venv\Lib\site-packages\starlette\__init__.py', '.venv\Lib\site-packages\packaging_legacy_version.py', '.venv\Lib\site-packages\fastapi\encoders.py', '.venv\Lib\site-packages\pip_audit\_format\json.py', '.venv\Lib\site-packages\fastapi\middleware\httpsredirect.py', '.venv\Lib\site-packages\msgpack\exceptions.py', '.venv\Lib\site-packages\filelock\_read_write.py', '.venv\Lib\site-packages\rich\style.py', '.venv\Lib\site-packages\starlette\formparsers.py', '.venv\Lib\site-packages\rich\console.py', '.venv\Lib\site-packages\rich\syntax.py', '.venv\Lib\site-packages\~tarlette\websockets.py', '.venv\Lib\site-packages\rich\_fileno.py', '.venv\Lib\site-packages\~ydantic_settings\sources\providers\gcp.py', '.venv\Lib\site-packages\cachecontrol\caches\redis_cache.py', '.venv\Lib\site-packages\packaging\dependency_groups.py', '.venv\Lib\site-packages\filelock\_soft.py', '.venv\Lib\site-packages\pydantic_settings\sources\providers\secrets.py', '.venv\Lib\site-packages\fastapi\applications.py', '.venv\Lib\site-packages\packageurl\contrib\django\__init__.py', '.venv\Lib\site-packages\mdurl\_format.py', '.venv\Lib\site-packages\pip_api\_vendor\tomli\__init__.py', '.venv\Lib\site-packages\markdown_it\helpers\__init__.py', '.venv\Lib\site-packages\~astapi\encoders.py', '.venv\Lib\site-packages\platformdirs\android.py', '.venv\Lib\site-packages\packaging\_structures.py', '.venv\Lib\site-packages\packaging\_manylinux.py', '.venv\Lib\site-packages\rich\_windows.py', '.venv\Lib\site-packages\rich\_palettes.py', '.venv\Lib\site-packages\pydantic_settings\sources\providers\env.py', '.venv\Lib\site-packages\fastapi\security\utils.py', '.venv\Lib\site-packages\pip_audit\_service\__init__.py', '.venv\Lib\site-packages\pip_api\_parse_requirements.py', '.venv\Lib\site-packages\~ydantic_settings\utils.py', '.venv\Lib\site-packages\fastapi\middleware\asyncexitstack.py', '.venv\Lib\site-packages\pip_audit\_dependency_source\pip.py', '.venv\Lib\site-packages\rich\control.py', '.venv\Lib\site-packages\rich\_win32_console.py', '.venv\Lib\site-packages\~astapi\staticfiles.py', '.venv\Lib\site-packages\markdown_it\rules_inline\image.py', '.venv\Lib\site-packages\markdown_it\common\normalize_url.py', 'tests\test_google_oauth_loopback.py', '.venv\Lib\site-packages\markdown_it\presets\commonmark.py', '.venv\Lib\site-packages\~astapi\utils.py', '.venv\Lib\site-packages\~tarlette\status.py', '.venv\Lib\site-packages\markdown_it\rules_block\list.py', '.venv\Lib\site-packages\packaging\_parser.py', '.venv\Lib\site-packages\rich\markdown.py', '.venv\Lib\site-packages\fastapi\security\open_id_connect_url.py', '.venv\Lib\site-packages\rich\_extension.py', '.venv\Lib\site-packages\markdown_it\parser_core.py', '.venv\Lib\site-packages\rich\columns.py', '.venv\Lib\site-packages\rich\bar.py', '.venv\Lib\site-packages\rich\filesize.py', '.venv\Lib\site-packages\packaging\version.py', '.venv\Lib\site-packages\packageurl\contrib\route.py', '.venv\Lib\site-packages\~astapi\dependencies\models.py', '.venv\Lib\site-packages\packageurl\contrib\purl2url.py', '.venv\Lib\site-packages\~tarlette\_utils.py', '.venv\Lib\site-packages\markdown_it\parser_inline.py', '.venv\Lib\site-packages\pydantic_settings\sources\base.py', '.venv\Lib\site-packages\mdurl\_encode.py', '.venv\Lib\site-packages\rich\themes.py', '.venv\Lib\site-packages\pip_api\_vendor\packaging\_musllinux.py', '.venv\Lib\site-packages\~ydantic_settings\sources\providers\toml.py', '.venv\Lib\site-packages\rich\spinner.py', '.venv\Lib\site-packages\rich\_loop.py', '.venv\Lib\site-packages\rich\_log_render.py', '.venv\Lib\site-packages\starlette\status.py', '.venv\Lib\site-packages\fastapi\openapi\__init__.py', '.venv\Lib\site-packages\rich\markup.py', '.venv\Lib\site-packages\rich\table.py', '.venv\Lib\site-packages\fastapi\types.py', '.venv\Lib\site-packages\~tarlette\exceptions.py', '.venv\Lib\site-packages\pydantic_settings\main.py', '.venv\Lib\site-packages\rich\_unicode_data\unicode14-0-0.py', '.venv\Lib\site-packages\fastapi\dependencies\__init__.py', '.venv\Lib\site-packages\packaging\__init__.py', '.venv\Lib\site-packages\fastapi\middleware\cors.py', '.venv\Lib\site-packages\rich\_unicode_data\unicode5-1-0.py', '.venv\Lib\site-packages\pip_api\_vendor\pyparsing.py', '.venv\Lib\site-packages\rich\_stack.py', '.venv\Lib\site-packages\fastapi\openapi\utils.py', '.venv\Lib\site-packages\~tarlette\middleware\gzip.py', '.venv\Lib\site-packages\markdown_it\rules_block\hr.py', '.venv\Lib\site-packages\cyclonedx\contrib\component\__init__.py', '.venv\Lib\site-packages\fastapi\requests.py', '.venv\Lib\site-packages\rich\cells.py', '.venv\Lib\site-packages\markdown_it\rules_inline\html_inline.py', '.venv\Lib\site-packages\rich\emoji.py', 'app\integrations_v1\google.py', '.venv\Lib\site-packages\~ydantic_settings\sources\providers\secrets.py', '.venv\Lib\site-packages\mdurl\_url.py', '.venv\Lib\site-packages\cachecontrol\cache.py', '.venv\Lib\site-packages\rich\status.py', '.venv\Lib\site-packages\markdown_it\common\utils.py', '.venv\Lib\site-packages\starlette\websockets.py', '.venv\Lib\site-packages\pip_api\_installed_distributions.py', '.venv\Lib\site-packages\pydantic_settings\sources\providers\cli.py', '.venv\Lib\site-packages\markdown_it\_punycode.py', '.venv\Lib\site-packages\filelock\_windows.py', '.venv\Lib\site-packages\starlette\middleware\cors.py', '.venv\Lib\site-packages\pip_api\_vendor\packaging\version.py', '.venv\Lib\site-packages\markdown_it\parser_block.py', 'app\v1\core_service.py', '.venv\Lib\site-packages\pip_audit\_dependency_source\pyproject.py', '.venv\Lib\site-packages\cachecontrol\wrapper.py', '.venv\Lib\site-packages\mdurl\_parse.py', '.venv\Lib\site-packages\filelock\_api.py', '.venv\Lib\site-packages\~astapi\security\http.py', '.venv\Lib\site-packages\~astapi\middleware\httpsredirect.py', '.venv\Lib\site-packages\starlette\_utils.py', '.venv\Lib\site-packages\fastapi\middleware\wsgi.py', '.venv\Lib\site-packages\~astapi\exceptions.py', '.venv\Lib\site-packages\rich\_unicode_data\unicode7-0-0.py', '.venv\Lib\site-packages\defusedxml\cElementTree.py', '.venv\Lib\site-packages\markdown_it\rules_core\smartquotes.py', '.venv\Lib\site-packages\rich\padding.py', '.venv\Lib\site-packages\rich\_unicode_data\unicode6-2-0.py', '.venv\Lib\site-packages\starlette\requests.py', '.venv\Lib\site-packages\filelock\_unix.py', '.venv\Lib\site-packages\pip_audit\_service\interface.py', '.venv\Lib\site-packages\fastapi\security\api_key.py', '.venv\Lib\site-packages\markdown_it\rules_inline\backticks.py', '.venv\Lib\site-packages\pip_audit\_state.py', '.venv\Lib\site-packages\rich\progress_bar.py', '.venv\Lib\site-packages\fastapi\dependencies\models.py', '.venv\Lib\site-packages\packageurl\__init__.py', '.venv\Lib\site-packages\rich\_unicode_data\unicode16-0-0.py', '.venv\Lib\site-packages\~ydantic_settings\exceptions.py', '.venv\Lib\site-packages\~astapi\__main__.py', '.venv\Lib\site-packages\~ydantic_settings\sources\providers\yaml.py', '.venv\Lib\site-packages\rich\layout.py', '.venv\Lib\site-packages\msgpack\fallback.py', '.venv\Lib\site-packages\rich\diagnose.py', '.venv\Lib\site-packages\pip_api\_vendor\packaging\requirements.py', '.venv\Lib\site-packages\~astapi\routing.py', '.venv\Lib\site-packages\packageurl\contrib\sqlalchemy\mixin.py', '.venv\Lib\site-packages\~tarlette\middleware\errors.py', '.venv\Lib\site-packages\packaging\utils.py', '.venv\Lib\site-packages\rich\_ratio.py', '.venv\Lib\site-packages\markdown_it\rules_block\html_block.py', '.venv\Lib\site-packages\cachecontrol\heuristics.py', '.venv\Lib\site-packages\fastapi\middleware\__init__.py', '.venv\Lib\site-packages\markdown_it\rules_block\code.py', '.venv\Lib\site-packages\fastapi\_compat\shared.py', '.venv\Lib\site-packages\filelock\_soft_rw\_sync.py', '.venv\Lib\site-packages\~tarlette\types.py', '.venv\Lib\site-packages\markdown_it\__init__.py', '.venv\Lib\site-packages\rich\screen.py', '.venv\Lib\site-packages\filelock\version.py', '.venv\Lib\site-packages\pip_audit\_service\osv.py', '.venv\Lib\site-packages\~tarlette\convertors.py', '.venv\Lib\site-packages\starlette\routing.py', '.venv\Lib\site-packages\pydantic_settings\sources\__init__.py', '.venv\Lib\site-packages\rich\theme.py', '.venv\Lib\site-packages\~astapi\openapi\__init__.py', '.venv\Lib\site-packages\rich\_null_file.py', '.venv\Lib\site-packages\pip_api\_vendor\packaging\tags.py', '.venv\Lib\site-packages\defusedxml\expatreader.py', '.venv\Lib\site-packages\cachecontrol\controller.py', '.venv\Lib\site-packages\pip_api\_vendor\tomli\_parser.py', '.venv\Lib\site-packages\filelock\_soft_rw\_async.py', '.venv\Lib\site-packages\pydantic_settings\sources\providers\aws.py', '.venv\Lib\site-packages\pydantic_settings\version.py', '.venv\Lib\site-packages\~astapi\testclient.py', '.venv\Lib\site-packages\pip_audit\_subprocess.py', '.venv\Lib\site-packages\fastapi\background.py', '.venv\Lib\site-packages\fastapi\routing.py', '.venv\Lib\site-packages\fastapi\datastructures.py', '.venv\Lib\site-packages\markdown_it\rules_inline\entity.py', '.venv\Lib\site-packages\~astapi\templating.py', '.venv\Lib\site-packages\rich\_unicode_data\unicode17-0-0.py', '.venv\Lib\site-packages\pip_audit\_audit.py', '.venv\Lib\site-packages\~astapi\security\oauth2.py', '.venv\Lib\site-packages\cyclonedx\_internal\__init__.py', '.venv\Lib\site-packages\rich\prompt.py', '.venv\Lib\site-packages\packageurl\utils.py', 'app\v1\models.py', '.venv\Lib\site-packages\~tarlette\requests.py', '.venv\Lib\site-packages\pip_audit\_cache.py', '.venv\Lib\site-packages\starlette\background.py', '.venv\Lib\site-packages\rich\terminal_theme.py', '.venv\Lib\site-packages\packaging\_elffile.py', '.venv\Lib\site-packages\markdown_it\rules_inline\escape.py', '.venv\Lib\site-packages\rich\jupyter.py', '.venv\Lib\site-packages\fastapi\logger.py', '.venv\Lib\site-packages\~astapi\middleware\trustedhost.py', '.venv\Lib\site-packages\markdown_it\rules_block\reference.py', '.venv\Lib\site-packages\defusedxml\pulldom.py', '.venv\Lib\site-packages\fastapi\staticfiles.py', '.venv\Lib\site-packages\packaging\licenses\_spdx.py', '.venv\Lib\site-packages\rich\default_styles.py', '.venv\Lib\site-packages\markdown_it\rules_inline\linkify.py', '.venv\Lib\site-packages\platformdirs\version.py', '.venv\Lib\site-packages\filelock\_error.py', '.venv\Lib\site-packages\rich\containers.py', '.venv\Lib\site-packages\rich\_unicode_data\unicode10-0-0.py', '.venv\Lib\site-packages\fastapi\testclient.py', '.venv\Lib\site-packages\packageurl\contrib\__init__.py', '.venv\Lib\site-packages\cachecontrol\adapter.py', '.venv\Lib\site-packages\fastapi\_compat\v2.py', '.venv\Lib\site-packages\rich\live.py', '.venv\Lib\site-packages\markdown_it\rules_core\inline.py', '.venv\Lib\site-packages\pip_requirements_parser.py', '.venv\Lib\site-packages\markdown_it\helpers\parse_link_label.py', '.venv\Lib\site-packages\markdown_it\rules_block\fence.py', '.venv\Lib\site-packages\pip_audit\_dependency_source\pylock.py', '.venv\Lib\site-packages\starlette\schemas.py', '.venv\Lib\site-packages\fastapi\utils.py', '.venv\Lib\site-packages\fastapi\openapi\models.py', '.venv\Lib\site-packages\~astapi\applications.py', '.venv\Lib\site-packages\platformdirs\unix.py', '.venv\Lib\site-packages\cyclonedx\contrib\bom\utils.py', '.venv\Lib\site-packages\rich\pretty.py', '.venv\Lib\site-packages\rich\measure.py', '.venv\Lib\site-packages\pip_audit\__main__.py', '.venv\Lib\site-packages\rich\repr.py', '.venv\Lib\site-packages\rich\pager.py', '.venv\Lib\site-packages\pip_api\_vendor\__init__.py', '.venv\Lib\site-packages\markdown_it\cli\__init__.py', '.venv\Lib\site-packages\fastapi\param_functions.py', '.venv\Lib\site-packages\pip_api\_vendor\tomli\_types.py', '.venv\Lib\site-packages\fastapi\exceptions.py', '.venv\Lib\site-packages\license_expression\__init__.py', '.venv\Lib\site-packages\pydantic_settings\sources\providers\dotenv.py', '.venv\Lib\site-packages\starlette\middleware\exceptions.py', '.venv\Lib\site-packages\rich\_spinners.py', '.venv\Lib\site-packages\rich\_unicode_data\unicode11-0-0.py', '.venv\Lib\site-packages\markdown_it\rules_block\blockquote.py', '.venv\Lib\site-packages\~astapi\concurrency.py', '.venv\Lib\site-packages\rich\live_render.py', '.venv\Lib\site-packages\rich\tree.py', '.venv\Lib\site-packages\~tarlette\middleware\sessions.py', '.venv\Lib\site-packages\rich\_unicode_data\unicode15-1-0.py', '.venv\Lib\site-packages\rich\_unicode_data\unicode12-1-0.py', '.venv\Lib\site-packages\~ydantic_settings\sources\providers\dotenv.py', '.venv\Lib\site-packages\rich\errors.py', '.venv\Lib\site-packages\pydantic_settings\__init__.py', '.venv\Lib\site-packages\~astapi\dependencies\utils.py', '.venv\Lib\site-packages\fastapi\security\base.py', '.venv\Lib\site-packages\cachecontrol\filewrapper.py', '.venv\Lib\site-packages\cyclonedx\builder\this.py', '.venv\Lib\site-packages\cyclonedx\contrib\bom\__init__.py', '.venv\Lib\site-packages\platformdirs\__init__.py', '.venv\Lib\site-packages\~tarlette\applications.py', '.venv\Lib\site-packages\rich\_unicode_data\unicode15-0-0.py', '.venv\Lib\site-packages\pip_audit\_cli.py', '.venv\Lib\site-packages\~tarlette\__init__.py', '.venv\Lib\site-packages\~ydantic_settings\sources\providers\aws.py', '.venv\Lib\site-packages\~ydantic_settings\sources\providers\cli.py', '.venv\Lib\site-packages\platformdirs\_xdg.py', '.venv\Lib\site-packages\~astapi\datastructures.py', '.venv\Lib\site-packages\markdown_it\rules_core\text_join.py', '.venv\Lib\site-packages\~astapi\requests.py', '.venv\Lib\site-packages\packaging\specifiers.py', '.venv\Lib\site-packages\~astapi\security\__init__.py', '.venv\Lib\site-packages\~ydantic_settings\sources\providers\json.py', '.venv\Lib\site-packages\~tarlette\middleware\wsgi.py', '.venv\Lib\site-packages\markdown_it\rules_core\replacements.py', '.venv\Lib\site-packages\cyclonedx\contrib\component\builders.py', '.venv\Lib\site-packages\pip_audit\_format\markdown.py', '.venv\Lib\site-packages\~tarlette\routing.py', '.venv\Lib\site-packages\rich\styled.py', '.venv\Lib\site-packages\markdown_it\rules_inline\strikethrough.py', '.venv\Lib\site-packages\~astapi\security\api_key.py', '.venv\Lib\site-packages\~astapi\background.py', '.venv\Lib\site-packages\starlette\middleware\__init__.py', '.venv\Lib\site-packages\fastapi\_compat\__init__.py', '.venv\Lib\site-packages\~astapi\params.py', '.venv\Lib\site-packages\packaging\metadata.py', '.venv\Lib\site-packages\filelock\_async_read_write.py', '.venv\Lib\site-packages\defusedxml\lxml.py', '.venv\Lib\site-packages\platformdirs\api.py', '.venv\Lib\site-packages\markdown_it\main.py', '.venv\Lib\site-packages\rich\_inspect.py', '.venv\Lib\site-packages\~astapi\logger.py', '.venv\Lib\site-packages\pip_audit\_dependency_source\__init__.py', '.venv\Lib\site-packages\py_serializable\formatters.py', '.venv\Lib\site-packages\filelock\asyncio.py', '.venv\Lib\site-packages\~ydantic_settings\sources\utils.py', '.venv\Lib\site-packages\starlette\middleware\trustedhost.py', '.venv\Lib\site-packages\fastapi\middleware\gzip.py', '.venv\Lib\site-packages\rich\align.py', '.venv\Lib\site-packages\~tarlette\config.py', '.venv\Lib\site-packages\rich\panel.py', '.venv\Lib\site-packages\~astapi\__init__.py', '.venv\Lib\site-packages\starlette\middleware\authentication.py', '.venv\Lib\site-packages\fastapi\cli.py', '.venv\Lib\site-packages\~astapi\exception_handlers.py', '.venv\Lib\site-packages\~tarlette\authentication.py', '.venv\Lib\site-packages\markdown_it\rules_inline\emphasis.py', '.venv\Lib\site-packages\cyclonedx\builder\__init__.py', '.venv\Lib\site-packages\py_serializable\xml.py', '.venv\Lib\site-packages\pip_api\_version.py', '.venv\Lib\site-packages\cyclonedx\_internal\bom_ref.py', '.venv\Lib\site-packages\~tarlette\formparsers.py', '.venv\Lib\site-packages\msgpack\ext.py', '.venv\Lib\site-packages\~tarlette\_exception_handler.py', '.venv\Lib\site-packages\~tarlette\middleware\trustedhost.py', '.venv\Lib\site-packages\rich\highlighter.py', '.venv\Lib\site-packages\~astapi\param_functions.py', '.venv\Lib\site-packages\packaging\requirements.py', '.venv\Lib\site-packages\rich\_export_format.py', '.venv\Lib\site-packages\fastapi\params.py', '.venv\Lib\site-packages\~astapi\security\base.py', '.venv\Lib\site-packages\rich\_windows_renderer.py', '.venv\Lib\site-packages\~tarlette\schemas.py', '.venv\Lib\site-packages\cachecontrol\caches\__init__.py', '.venv\Lib\site-packages\rich\_unicode_data\unicode13-0-0.py', '.venv\Lib\site-packages\markdown_it\rules_block\lheading.py', '.venv\Lib\site-packages\fastapi\exception_handlers.py', '.venv\Lib\site-packages\pydantic_settings\sources\providers\azure.py', '.venv\Lib\site-packages\markdown_it\_compat.py', '.venv\Lib\site-packages\rich\_unicode_data\unicode6-0-0.py', '.venv\Lib\site-packages\filelock\__init__.py', '.venv\Lib\site-packages\pip_audit\_virtual_env.py', '.venv\Lib\site-packages\pip_api\_vendor\tomli\_re.py', '.venv\Lib\site-packages\cyclonedx\_internal\time.py', '.venv\Lib\site-packages\starlette\config.py', '.venv\Lib\site-packages\~tarlette\responses.py', '.venv\Lib\site-packages\rich\traceback.py', '.venv\Lib\site-packages\pydantic_settings\utils.py', '.venv\Lib\site-packages\defusedxml\__init__.py', '.venv\Lib\site-packages\~ydantic_settings\sources\providers\nested_secrets.py', '.venv\Lib\site-packages\packaging\errors.py', '.venv\Lib\site-packages\rich\box.py', '.venv\Lib\site-packages\pip_audit\_dependency_source\interface.py', '.venv\Lib\site-packages\markdown_it\rules_core\normalize.py', '.venv\Lib\site-packages\markdown_it\token.py', '.venv\Lib\site-packages\rich\palette.py', '.venv\Lib\site-packages\starlette\responses.py', '.venv\Lib\site-packages\fastapi\middleware\trustedhost.py', '.venv\Lib\site-packages\pydantic_settings\sources\providers\gcp.py', '.venv\Lib\site-packages\starlette\exceptions.py', '.venv\Lib\site-packages\markdown_it\helpers\parse_link_title.py', '.venv\Lib\site-packages\~astapi\_compat.py', '.venv\Lib\site-packages\packaging\pylock.py', '.venv\Lib\site-packages\~ydantic_settings\sources\providers\pyproject.py', '.venv\Lib\site-packages\packaging\_tokenizer.py', '.venv\Lib\site-packages\packageurl\contrib\django\models.py', '.venv\Lib\site-packages\~ydantic_settings\sources\providers\azure.py', '.venv\Lib\site-packages\starlette\applications.py', '.venv\Lib\site-packages\starlette\templating.py', '.venv\Lib\site-packages\pydantic_settings\sources\providers\toml.py', '.venv\Lib\site-packages\pydantic_settings\sources\utils.py', '.venv\Lib\site-packages\~astapi\dependencies\__init__.py', '.venv\Lib\site-packages\rich\_unicode_data\unicode6-3-0.py', '.venv\Lib\site-packages\~tarlette\middleware\base.py', '.venv\Lib\site-packages\rich\_wrap.py', '.venv\Lib\site-packages\starlette\middleware\sessions.py', '.venv\Lib\site-packages\rich\_unicode_data\unicode6-1-0.py', '.venv\Lib\site-packages\markdown_it\rules_block\heading.py', '.venv\Lib\site-packages\~ydantic_settings\__init__.py', '.venv\Lib\site-packages\~tarlette\middleware\exceptions.py', '.venv\Lib\site-packages\fastapi\sse.py', '.venv\Lib\site-packages\rich\__main__.py', '.venv\Lib\site-packages\starlette\middleware\httpsredirect.py', '.venv\Lib\site-packages\rich\_emoji_replace.py', '.venv\Lib\site-packages\cachecontrol\caches\file_cache.py', '.venv\Lib\site-packages\pip_api\_vendor\packaging\utils.py', '.venv\Lib\site-packages\pip_audit\_util.py', '.venv\Lib\site-packages\markdown_it\rules_block\table.py', '.venv\Lib\site-packages\defusedxml\common.py', '.venv\Lib\site-packages\~tarlette\background.py', '.venv\Lib\site-packages\rich\text.py', '.venv\Lib\site-packages\packaging\_musllinux.py', '.venv\Lib\site-packages\pip_api\_call.py', '.venv\Lib\site-packages\markdown_it\rules_inline\newline.py', '.venv\Lib\site-packages\fastapi\websockets.py', '.venv\Lib\site-packages\rich\_unicode_data\__init__.py', '.venv\Lib\site-packages\markdown_it\rules_inline\state_inline.py', '.venv\Lib\site-packages\markdown_it\rules_core\linkify.py', '.venv\Lib\site-packages\pip_api\_vendor\packaging\__init__.py', '.venv\Lib\site-packages\py_serializable\__init__.py', '.venv\Lib\site-packages\~astapi\websockets.py', '.venv\Lib\site-packages\defusedxml\sax.py', '.venv\Lib\site-packages\markdown_it\common\html_re.py', '.venv\Lib\site-packages\packaging\markers.py', '.venv\Lib\site-packages\packaging\licenses\__init__.py', '.venv\Lib\site-packages\rich\_unicode_data\unicode5-0-0.py', '.venv\Lib\site-packages\rich\_emoji_codes.py', '.venv\Lib\site-packages\pydantic_settings\sources\providers\yaml.py', '.venv\Lib\site-packages\pip_api\_vendor\packaging\__about__.py', '.venv\Lib\site-packages\starlette\middleware\wsgi.py', '.venv\Lib\site-packages\~astapi\middleware\__init__.py', '.venv\Lib\site-packages\fastapi\__init__.py', '.venv\Lib\site-packages\pydantic_settings\sources\types.py', '.venv\Lib\site-packages\annotated_doc\main.py', '.venv\Lib\site-packages\markdown_it\rules_inline\balance_pairs.py', '.venv\Lib\site-packages\pip_api\exceptions.py', '.venv\Lib\site-packages\pydantic_settings\sources\providers\json.py', '.venv\Lib\site-packages\starlette\convertors.py', '.venv\Lib\site-packages\~ydantic_settings\sources\providers\__init__.py', '.venv\Lib\site-packages\rich\segment.py', '.venv\Lib\site-packages\pip_api\_vendor\packaging\markers.py', '.venv\Lib\site-packages\~ydantic_settings\sources\providers\env.py', '.venv\Lib\site-packages\filelock\_util.py', '.venv\Lib\site-packages\fastapi\openapi\constants.py', '.venv\Lib\site-packages\pip_api\_hash.py', '.venv\Lib\site-packages\packaging\direct_url.py', '.venv\Lib\site-packages\packageurl\contrib\django\utils.py', '.venv\Lib\site-packages\~astapi\middleware\wsgi.py', '.venv\Lib\site-packages\fastapi\templating.py', '.venv\Lib\site-packages\markdown_it\cli\parse.py', '.venv\Lib\site-packages\rich\rule.py', '.venv\Lib\site-packages\~ydantic_settings\main.py', '.venv\Lib\site-packages\markdown_it\rules_inline\text.py', '.venv\Lib\site-packages\cachecontrol\serialize.py', '.venv\Lib\site-packages\~tarlette\testclient.py', '.venv\Lib\site-packages\markdown_it\tree.py', '.venv\Lib\site-packages\pip_api\_vendor\packaging\specifiers.py', '.venv\Lib\site-packages\py_serializable\helpers.py', '.venv\Lib\site-packages\starlette\testclient.py', '.venv\Lib\site-packages\markdown_it\presets\zero.py', '.venv\Lib\site-packages\pip_api\_vendor\packaging\_manylinux.py', '.venv\Lib\site-packages\~astapi\middleware\cors.py', '.venv\Lib\site-packages\pydantic_settings\exceptions.py', '.venv\Lib\site-packages\~tarlette\staticfiles.py', '.venv\Lib\site-packages\annotated_doc\__init__.py', '.venv\Lib\site-packages\defusedxml\xmlrpc.py', '.venv\Lib\site-packages\~ydantic_settings\version.py', '.venv\Lib\site-packages\markdown_it\presets\__init__.py', '.venv\Lib\site-packages\fastapi\responses.py', '.venv\Lib\site-packages\cyclonedx\_internal\compare.py', '.venv\Lib\site-packages\pydantic_settings\sources\providers\pyproject.py', '.venv\Lib\site-packages\packaging\tags.py', '.venv\Lib\site-packages\py_serializable\json.py', '.venv\Lib\site-packages\starlette\middleware\errors.py', '.venv\Lib\site-packages\rich\color_triplet.py', '.venv\Lib\site-packages\platformdirs\__main__.py', '.venv\Lib\site-packages\starlette\datastructures.py', '.venv\Lib\site-packages\pip_audit\_format\interface.py', '.venv\Lib\site-packages\rich\_unicode_data\unicode4-1-0.py', '.venv\Lib\site-packages\starlette\middleware\gzip.py', '.venv\Lib\site-packages\markdown_it\rules_inline\__init__.py', '.venv\Lib\site-packages\~astapi\middleware\gzip.py', '.venv\Lib\site-packages\markdown_it\utils.py', '.venv\Lib\site-packages\rich\ansi.py', '.venv\Lib\site-packages\markdown_it\presets\default.py', '.venv\Lib\site-packages\license_expression\_pyahocorasick.py', '.venv\Lib\site-packages\fastapi\security\http.py', '.venv\Lib\site-packages\filelock\_soft_rw\__init__.py', '.venv\Lib\site-packages\rich\constrain.py', '.venv\Lib\site-packages\markdown_it\common\html_blocks.py', '.venv\Lib\site-packages\defusedxml\minidom.py', '.venv\Lib\site-packages\markdown_it\rules_block\paragraph.py', '.venv\Lib\site-packages\fastapi\concurrency.py', '.venv\Lib\site-packages\fastapi\security\__init__.py', '.venv\Lib\site-packages\markdown_it\rules_block\state_block.py', '.venv\Lib\site-packages\markdown_it\rules_inline\fragments_join.py', '.venv\Lib\site-packages\~astapi\responses.py', 'tests\test_v1_core.py', '.venv\Lib\site-packages\~astapi\openapi\utils.py', '.venv\Lib\site-packages\~tarlette\middleware\authentication.py', '.venv\Lib\site-packages\~tarlette\endpoints.py', '.venv\Lib\site-packages\rich\_unicode_data\unicode8-0-0.py', '.venv\Lib\site-packages\rich\_pick.py', '.venv\Lib\site-packages\starlette\types.py', '.venv\Lib\site-packages\starlette\staticfiles.py', '.venv\Lib\site-packages\~astapi\security\utils.py', '.venv\Lib\site-packages\pip_audit\__init__.py', '.venv\Lib\site-packages\packageurl\validate.py', '.venv\Lib\site-packages\starlette\endpoints.py', '.venv\Lib\site-packages\platformdirs\windows.py', '.venv\Lib\site-packages\pip_audit\_service\esms.py', '.venv\Lib\site-packages\markdown_it\ruler.py', '.venv\Lib\site-packages\~tarlette\middleware\httpsredirect.py', '.venv\Lib\site-packages\fastapi\__main__.py', '.venv\Lib\site-packages\~ydantic_settings\sources\__init__.py', '.venv\Lib\site-packages\markdown_it\helpers\parse_link_destination.py', '.venv\Lib\site-packages\~tarlette\concurrency.py', '.venv\Lib\site-packages\cyclonedx\contrib\__init__.py', '.venv\Lib\site-packages\rich\_unicode_data\_versions.py', '.venv\Lib\site-packages\rich\_unicode_data\unicode12-0-0.py', '.venv\Lib\site-packages\pip_api\_vendor\packaging\_structures.py', '.venv\Lib\site-packages\markdown_it\rules_core\__init__.py'. Reloading...
INFO:     Started server process [198716]
INFO:     Waiting for application startup.
INFO:     Application startup complete.
ERROR:    Traceback (most recent call last):
  File "C:\Users\1\AppData\Local\Programs\Python\Python313\Lib\asyncio\runners.py", line 118, in run
    return self._loop.run_until_complete(task)
           ~~~~~~~~~~~~~~~~~~~~~~~~~~~~~^^^^^^
  File "C:\Users\1\AppData\Local\Programs\Python\Python313\Lib\asyncio\base_events.py", line 725, in run_until_complete
    return future.result()
           ~~~~~~~~~~~~~^^
asyncio.exceptions.CancelledError

During handling of the above exception, another exception occurred:

Traceback (most recent call last):
  File "C:\Users\1\AppData\Local\Programs\Python\Python313\Lib\asyncio\runners.py", line 195, in run
    return runner.run(main)
           ~~~~~~~~~~^^^^^^
  File "C:\Users\1\AppData\Local\Programs\Python\Python313\Lib\asyncio\runners.py", line 123, in run
    raise KeyboardInterrupt()
KeyboardInterrupt

During handling of the above exception, another exception occurred:

Traceback (most recent call last):
  File "C:\Users\1\Documents\CRM\backend\.venv\Lib\site-packages\starlette\routing.py", line 645, in lifespan
    await receive()
  File "C:\Users\1\Documents\CRM\backend\.venv\Lib\site-packages\uvicorn\lifespan\on.py", line 137, in receive
    return await self.receive_queue.get()
           ^^^^^^^^^^^^^^^^^^^^^^^^^^^^^^
  File "C:\Users\1\AppData\Local\Programs\Python\Python313\Lib\asyncio\queues.py", line 186, in get
    await getter
asyncio.exceptions.CancelledError

INFO:     Started server process [198148]
INFO:     Waiting for application startup.
INFO:     Application startup complete.
WARNING:  WatchFiles detected changes in 'app\integrations_v1\jobs.py', 'app\integrations_v1\router.py', 'tests\test_integrations_v1.py'. Reloading...
INFO:     Shutting down
INFO:     Waiting for application shutdown.
INFO:     Application shutdown complete.
INFO:     Finished server process [198148]
INFO:     Started server process [180488]
INFO:     Waiting for application startup.
INFO:     Application startup complete.
WARNING:  WatchFiles detected changes in 'app\v1\core_service.py'. Reloading...
INFO:     Shutting down
INFO:     Waiting for application shutdown.
INFO:     Application shutdown complete.
INFO:     Finished server process [180488]
INFO:     Started server process [147324]
INFO:     Waiting for application startup.
INFO:     Application startup complete.
WARNING:  WatchFiles detected changes in 'app\communications\schema.py', 'app\operations\schema.py', 'app\briefing.py', 'app\platform_db.py'. Reloading...
INFO:     Shutting down
INFO:     Waiting for application shutdown.
INFO:     Application shutdown complete.
INFO:     Finished server process [147324]
WARNING:  WatchFiles detected changes in 'tests\test_dashboard_v1.py', 'app\operations\schema.py'. Reloading...
INFO:     Started server process [167472]
INFO:     Waiting for application startup.
INFO:     Application startup complete.
ERROR:    Traceback (most recent call last):
  File "C:\Users\1\AppData\Local\Programs\Python\Python313\Lib\asyncio\runners.py", line 118, in run
    return self._loop.run_until_complete(task)
           ~~~~~~~~~~~~~~~~~~~~~~~~~~~~~^^^^^^
  File "C:\Users\1\AppData\Local\Programs\Python\Python313\Lib\asyncio\base_events.py", line 725, in run_until_complete
    return future.result()
           ~~~~~~~~~~~~~^^
asyncio.exceptions.CancelledError

During handling of the above exception, another exception occurred:

Traceback (most recent call last):
  File "C:\Users\1\AppData\Local\Programs\Python\Python313\Lib\asyncio\runners.py", line 195, in run
    return runner.run(main)
           ~~~~~~~~~~^^^^^^
  File "C:\Users\1\AppData\Local\Programs\Python\Python313\Lib\asyncio\runners.py", line 123, in run
    raise KeyboardInterrupt()
KeyboardInterrupt

During handling of the above exception, another exception occurred:

Traceback (most recent call last):
  File "C:\Users\1\Documents\CRM\backend\.venv\Lib\site-packages\starlette\routing.py", line 645, in lifespan
    await receive()
  File "C:\Users\1\Documents\CRM\backend\.venv\Lib\site-packages\uvicorn\lifespan\on.py", line 137, in receive
    return await self.receive_queue.get()
           ^^^^^^^^^^^^^^^^^^^^^^^^^^^^^^
  File "C:\Users\1\AppData\Local\Programs\Python\Python313\Lib\asyncio\queues.py", line 186, in get
    await getter
asyncio.exceptions.CancelledError

INFO:     Started server process [182740]
INFO:     Waiting for application startup.
INFO:     Application startup complete.
WARNING:  WatchFiles detected changes in 'app\platform_db.py'. Reloading...
INFO:     Shutting down
INFO:     Waiting for application shutdown.
INFO:     Application shutdown complete.
INFO:     Finished server process [182740]
WARNING:  WatchFiles detected changes in 'app\integrations_v1\automation.py', 'app\integrations_v1\automation_runtime.py', 'app\integrations_v1\worker.py', 'app\platform_db.py'. Reloading...
INFO:     Started server process [199976]
INFO:     Waiting for application startup.
INFO:     Application startup complete.
ERROR:    Traceback (most recent call last):
  File "C:\Users\1\AppData\Local\Programs\Python\Python313\Lib\asyncio\runners.py", line 118, in run
    return self._loop.run_until_complete(task)
           ~~~~~~~~~~~~~~~~~~~~~~~~~~~~~^^^^^^
  File "C:\Users\1\AppData\Local\Programs\Python\Python313\Lib\asyncio\base_events.py", line 725, in run_until_complete
    return future.result()
           ~~~~~~~~~~~~~^^
asyncio.exceptions.CancelledError

During handling of the above exception, another exception occurred:

Traceback (most recent call last):
  File "C:\Users\1\AppData\Local\Programs\Python\Python313\Lib\asyncio\runners.py", line 195, in run
    return runner.run(main)
           ~~~~~~~~~~^^^^^^
  File "C:\Users\1\AppData\Local\Programs\Python\Python313\Lib\asyncio\runners.py", line 123, in run
    raise KeyboardInterrupt()
KeyboardInterrupt

During handling of the above exception, another exception occurred:

Traceback (most recent call last):
  File "C:\Users\1\Documents\CRM\backend\.venv\Lib\site-packages\starlette\routing.py", line 645, in lifespan
    await receive()
  File "C:\Users\1\Documents\CRM\backend\.venv\Lib\site-packages\uvicorn\lifespan\on.py", line 137, in receive
    return await self.receive_queue.get()
           ^^^^^^^^^^^^^^^^^^^^^^^^^^^^^^
  File "C:\Users\1\AppData\Local\Programs\Python\Python313\Lib\asyncio\queues.py", line 186, in get
    await getter
asyncio.exceptions.CancelledError

WARNING:  WatchFiles detected changes in 'app\integrations_v1\router.py'. Reloading...
INFO:     Started server process [130112]
INFO:     Waiting for application startup.
INFO:     Application startup complete.
ERROR:    Traceback (most recent call last):
  File "C:\Users\1\AppData\Local\Programs\Python\Python313\Lib\asyncio\runners.py", line 118, in run
    return self._loop.run_until_complete(task)
           ~~~~~~~~~~~~~~~~~~~~~~~~~~~~~^^^^^^
  File "C:\Users\1\AppData\Local\Programs\Python\Python313\Lib\asyncio\base_events.py", line 725, in run_until_complete
    return future.result()
           ~~~~~~~~~~~~~^^
asyncio.exceptions.CancelledError

During handling of the above exception, another exception occurred:

Traceback (most recent call last):
  File "C:\Users\1\AppData\Local\Programs\Python\Python313\Lib\asyncio\runners.py", line 195, in run
    return runner.run(main)
           ~~~~~~~~~~^^^^^^
  File "C:\Users\1\AppData\Local\Programs\Python\Python313\Lib\asyncio\runners.py", line 123, in run
    raise KeyboardInterrupt()
KeyboardInterrupt

During handling of the above exception, another exception occurred:

Traceback (most recent call last):
  File "C:\Users\1\Documents\CRM\backend\.venv\Lib\site-packages\starlette\routing.py", line 645, in lifespan
    await receive()
  File "C:\Users\1\Documents\CRM\backend\.venv\Lib\site-packages\uvicorn\lifespan\on.py", line 137, in receive
    return await self.receive_queue.get()
           ^^^^^^^^^^^^^^^^^^^^^^^^^^^^^^
  File "C:\Users\1\AppData\Local\Programs\Python\Python313\Lib\asyncio\queues.py", line 186, in get
    await getter
asyncio.exceptions.CancelledError

INFO:     Started server process [196496]
INFO:     Waiting for application startup.
INFO:     Application startup complete.
WARNING:  WatchFiles detected changes in 'app\v1\core_service.py'. Reloading...
INFO:     Shutting down
INFO:     Waiting for application shutdown.
INFO:     Application shutdown complete.
INFO:     Finished server process [196496]
WARNING:  WatchFiles detected changes in 'tests\test_automation_runtime.py', 'app\integrations_v1\worker.py', 'app\integrations_v1\router.py', 'app\operations\service.py'. Reloading...
INFO:     Started server process [176316]
INFO:     Waiting for application startup.
INFO:     Application startup complete.
ERROR:    Traceback (most recent call last):
  File "C:\Users\1\AppData\Local\Programs\Python\Python313\Lib\asyncio\runners.py", line 118, in run
    return self._loop.run_until_complete(task)
           ~~~~~~~~~~~~~~~~~~~~~~~~~~~~~^^^^^^
  File "C:\Users\1\AppData\Local\Programs\Python\Python313\Lib\asyncio\base_events.py", line 725, in run_until_complete
    return future.result()
           ~~~~~~~~~~~~~^^
asyncio.exceptions.CancelledError

During handling of the above exception, another exception occurred:

Traceback (most recent call last):
  File "C:\Users\1\AppData\Local\Programs\Python\Python313\Lib\asyncio\runners.py", line 195, in run
    return runner.run(main)
           ~~~~~~~~~~^^^^^^
  File "C:\Users\1\AppData\Local\Programs\Python\Python313\Lib\asyncio\runners.py", line 123, in run
    raise KeyboardInterrupt()
KeyboardInterrupt

During handling of the above exception, another exception occurred:

Traceback (most recent call last):
  File "C:\Users\1\Documents\CRM\backend\.venv\Lib\site-packages\starlette\routing.py", line 645, in lifespan
    await receive()
  File "C:\Users\1\Documents\CRM\backend\.venv\Lib\site-packages\uvicorn\lifespan\on.py", line 137, in receive
    return await self.receive_queue.get()
           ^^^^^^^^^^^^^^^^^^^^^^^^^^^^^^
  File "C:\Users\1\AppData\Local\Programs\Python\Python313\Lib\asyncio\queues.py", line 186, in get
    await getter
asyncio.exceptions.CancelledError

INFO:     Started server process [180432]
INFO:     Waiting for application startup.
INFO:     Application startup complete.
WARNING:  WatchFiles detected changes in 'app\integrations_v1\automation_runtime.py'. Reloading...
INFO:     Shutting down
INFO:     Waiting for application shutdown.
INFO:     Application shutdown complete.
INFO:     Finished server process [180432]
WARNING:  WatchFiles detected changes in 'app\integrations_v1\automation_runtime.py'. Reloading...
INFO:     Started server process [150292]
INFO:     Waiting for application startup.
INFO:     Application startup complete.
ERROR:    Traceback (most recent call last):
  File "C:\Users\1\AppData\Local\Programs\Python\Python313\Lib\asyncio\runners.py", line 118, in run
    return self._loop.run_until_complete(task)
           ~~~~~~~~~~~~~~~~~~~~~~~~~~~~~^^^^^^
  File "C:\Users\1\AppData\Local\Programs\Python\Python313\Lib\asyncio\base_events.py", line 725, in run_until_complete
    return future.result()
           ~~~~~~~~~~~~~^^
asyncio.exceptions.CancelledError

During handling of the above exception, another exception occurred:

Traceback (most recent call last):
  File "C:\Users\1\AppData\Local\Programs\Python\Python313\Lib\asyncio\runners.py", line 195, in run
    return runner.run(main)
           ~~~~~~~~~~^^^^^^
  File "C:\Users\1\AppData\Local\Programs\Python\Python313\Lib\asyncio\runners.py", line 123, in run
    raise KeyboardInterrupt()
KeyboardInterrupt

During handling of the above exception, another exception occurred:

Traceback (most recent call last):
  File "C:\Users\1\Documents\CRM\backend\.venv\Lib\site-packages\starlette\routing.py", line 645, in lifespan
    await receive()
  File "C:\Users\1\Documents\CRM\backend\.venv\Lib\site-packages\uvicorn\lifespan\on.py", line 137, in receive
    return await self.receive_queue.get()
           ^^^^^^^^^^^^^^^^^^^^^^^^^^^^^^
  File "C:\Users\1\AppData\Local\Programs\Python\Python313\Lib\asyncio\queues.py", line 186, in get
    await getter
asyncio.exceptions.CancelledError

WARNING:  WatchFiles detected changes in 'app\integrations_v1\worker.py'. Reloading...
INFO:     Started server process [195084]
INFO:     Waiting for application startup.
INFO:     Application startup complete.
ERROR:    Traceback (most recent call last):
  File "C:\Users\1\AppData\Local\Programs\Python\Python313\Lib\asyncio\runners.py", line 118, in run
    return self._loop.run_until_complete(task)
           ~~~~~~~~~~~~~~~~~~~~~~~~~~~~~^^^^^^
  File "C:\Users\1\AppData\Local\Programs\Python\Python313\Lib\asyncio\base_events.py", line 725, in run_until_complete
    return future.result()
           ~~~~~~~~~~~~~^^
asyncio.exceptions.CancelledError

During handling of the above exception, another exception occurred:

Traceback (most recent call last):
  File "C:\Users\1\AppData\Local\Programs\Python\Python313\Lib\asyncio\runners.py", line 195, in run
    return runner.run(main)
           ~~~~~~~~~~^^^^^^
  File "C:\Users\1\AppData\Local\Programs\Python\Python313\Lib\asyncio\runners.py", line 123, in run
    raise KeyboardInterrupt()
KeyboardInterrupt

During handling of the above exception, another exception occurred:

Traceback (most recent call last):
  File "C:\Users\1\Documents\CRM\backend\.venv\Lib\site-packages\starlette\routing.py", line 645, in lifespan
    await receive()
  File "C:\Users\1\Documents\CRM\backend\.venv\Lib\site-packages\uvicorn\lifespan\on.py", line 137, in receive
    return await self.receive_queue.get()
           ^^^^^^^^^^^^^^^^^^^^^^^^^^^^^^
  File "C:\Users\1\AppData\Local\Programs\Python\Python313\Lib\asyncio\queues.py", line 186, in get
    await getter
asyncio.exceptions.CancelledError

INFO:     Started server process [191708]
INFO:     Waiting for application startup.
INFO:     Application startup complete.
WARNING:  WatchFiles detected changes in 'app\services\leads_service.py', 'app\services\tasks_service.py', 'app\lead_enrichment\runner.py'. Reloading...
INFO:     Shutting down
INFO:     Waiting for application shutdown.
INFO:     Application shutdown complete.
INFO:     Finished server process [191708]
INFO:     Started server process [164780]
INFO:     Waiting for application startup.
INFO:     Application startup complete.
WARNING:  WatchFiles detected changes in 'app\v1\router.py'. Reloading...
INFO:     Shutting down
INFO:     Waiting for application shutdown.
INFO:     Application shutdown complete.
INFO:     Finished server process [164780]
WARNING:  WatchFiles detected changes in 'tests\test_discovery_portals.py', 'app\v1\router.py', 'app\workflows_v1\router.py', 'tests\test_full_lifecycle_v1.py', 'tests\test_v1_core.py'. Reloading...
INFO:     Started server process [154512]
INFO:     Waiting for application startup.
INFO:     Application startup complete.
ERROR:    Traceback (most recent call last):
  File "C:\Users\1\AppData\Local\Programs\Python\Python313\Lib\asyncio\runners.py", line 118, in run
    return self._loop.run_until_complete(task)
           ~~~~~~~~~~~~~~~~~~~~~~~~~~~~~^^^^^^
  File "C:\Users\1\AppData\Local\Programs\Python\Python313\Lib\asyncio\base_events.py", line 725, in run_until_complete
    return future.result()
           ~~~~~~~~~~~~~^^
asyncio.exceptions.CancelledError

During handling of the above exception, another exception occurred:

Traceback (most recent call last):
  File "C:\Users\1\AppData\Local\Programs\Python\Python313\Lib\asyncio\runners.py", line 195, in run
    return runner.run(main)
           ~~~~~~~~~~^^^^^^
  File "C:\Users\1\AppData\Local\Programs\Python\Python313\Lib\asyncio\runners.py", line 123, in run
    raise KeyboardInterrupt()
KeyboardInterrupt

During handling of the above exception, another exception occurred:

Traceback (most recent call last):
  File "C:\Users\1\Documents\CRM\backend\.venv\Lib\site-packages\starlette\routing.py", line 645, in lifespan
    await receive()
  File "C:\Users\1\Documents\CRM\backend\.venv\Lib\site-packages\uvicorn\lifespan\on.py", line 137, in receive
    return await self.receive_queue.get()
           ^^^^^^^^^^^^^^^^^^^^^^^^^^^^^^
  File "C:\Users\1\AppData\Local\Programs\Python\Python313\Lib\asyncio\queues.py", line 186, in get
    await getter
asyncio.exceptions.CancelledError

INFO:     Started server process [191972]
INFO:     Waiting for application startup.
INFO:     Application startup complete.
